auction_date,auctioneer,location,pdf_filename,#,YEAR,MAKE,PLATE#,ST,VIN,LIENHOLDER
"November 14, 2025",MICHAEL GOLIA,"FIVE J'S AUTOMOTIVE 4825 BALDWIN STREET BRONX, NY 10470",auction-111425-bnx.pdf,2,2008,JEEP,E61AXU,NJ,1J8GR48K98C234464,TD AUTO FINANCE LLC
"November 14, 2025",MICHAEL GOLIA,"FIVE J'S AUTOMOTIVE 4825 BALDWIN STREET BRONX, NY 10470",auction-111425-bnx.pdf,3,2020,FORD,BP97891,CT,3FA6P0LU6LR237039,WINTHROP FINANCIAL RESOURCES
"November 14, 2025",MICHAEL GOLIA,"FIVE J'S AUTOMOTIVE 4825 BALDWIN STREET BRONX, NY 10470",auction-111425-bnx.pdf,5,2016,FORD,1FN6707,AL,1FMCU0G76GUA41526,ACHIEVE FIANCIAL CREDIT UNION
"November 14, 2025",MICHAEL GOLIA,"FIVE J'S AUTOMOTIVE 4825 BALDWIN STREET BRONX, NY 10470",auction-111425-bnx.pdf,6,2017,FORD,HSE2967,NY,1FMCU9G91HUB71219,FORD;MOTOR;CREDIT;CO
"November 14, 2025",MICHAEL GOLIA,"FIVE J'S AUTOMOTIVE 4825 BALDWIN STREET BRONX, NY 10470",auction-111425-bnx.pdf,7,2015,ACURA,D61URC,NJ,19UUB2F59FA011593,WESTLAKE FINANCIAL SVS LLC
"November 14, 2025",MICHAEL GOLIA,"FIVE J'S AUTOMOTIVE 4825 BALDWIN STREET BRONX, NY 10470",auction-111425-bnx.pdf,9,2019,VOLKS,JFX7253,NY,3VV2B7AXXKM034939,VW;CREDIT;INC
"November 14, 2025",MICHAEL GOLIA,"FIVE J'S AUTOMOTIVE 4825 BALDWIN STREET BRONX, NY 10470",auction-111425-bnx.pdf,11,2024,MITSU,LLL9441,NY,JA4ARUAU9RU013932,CREDIT;ACCEPTANCE CORP
"November 14, 2025",MICHAEL GOLIA,"FIVE J'S AUTOMOTIVE 4825 BALDWIN STREET BRONX, NY 10470",auction-111425-bnx.pdf,12,2021,NISSA,K91VCF,NJ,3N1AB8DV7MY297964,CREDIT ACCEPTANCE CORP
"November 14, 2025",MICHAEL GOLIA,"FIVE J'S AUTOMOTIVE 4825 BALDWIN STREET BRONX, NY 10470",auction-111425-bnx.pdf,14,2021,NISSA,LCA8399,NC,JN8AT3DD3MW307003,NISSAN MOTOR ACCEPTANCE CORP
"November 14, 2025",MICHAEL GOLIA,"FIVE J'S AUTOMOTIVE 4825 BALDWIN STREET BRONX, NY 10470",auction-111425-bnx.pdf,16,2015,MERCE,BG91834,CT,55SWF4KBXFU062576,FLAGSHIP CREDIT ACCEPTANCE
"November 14, 2025",MICHAEL GOLIA,"FIVE J'S AUTOMOTIVE 4825 BALDWIN STREET BRONX, NY 10470",auction-111425-bnx.pdf,17,2024,SUBAR,LBU5777,NY,JF2GUADC6R8206632,JPMORGAN;CHASE BANK NA
"November 14, 2025",MICHAEL GOLIA,"FIVE J'S AUTOMOTIVE 4825 BALDWIN STREET BRONX, NY 10470",auction-111425-bnx.pdf,18,2025,TOYOT,LSJ1463,NY,2T3A1RFV1SC494197,TOYOTA;MOTOR;CREDIT CORP
"November 14, 2025",MICHAEL GOLIA,"FIVE J'S AUTOMOTIVE 4825 BALDWIN STREET BRONX, NY 10470",auction-111425-bnx.pdf,19,2017,HONDA,LEK6850,NY,1HGCR2F34HA178985,CAPITAL;ONE;AUTO FINANCE
"November 14, 2025",MICHAEL GOLIA,"FIVE J'S AUTOMOTIVE 4825 BALDWIN STREET BRONX, NY 10470",auction-111425-bnx.pdf,20,2019,BMW,B83SXD,NJ,3MW5R7J59K8B01610,SANTANDER CONSUMER USA INC
"November 14, 2025",MICHAEL GOLIA,"FIVE J'S AUTOMOTIVE 4825 BALDWIN STREET BRONX, NY 10470",auction-111425-bnx.pdf,21,2018,MITSU,LRT1885,NY,ML32A4HJ3JH006553,WESTLAKE;FINANCIAL SERVICES
"November 14, 2025",MICHAEL GOLIA,"FIVE J'S AUTOMOTIVE 4825 BALDWIN STREET BRONX, NY 10470",auction-111425-bnx.pdf,22,2020,HONDA,LVS5195,NY,2HGFC2F83LH529423,ALLY;FINANCIAL
"November 14, 2025",MICHAEL GOLIA,"FIVE J'S AUTOMOTIVE 4825 BALDWIN STREET BRONX, NY 10470",auction-111425-bnx.pdf,23,2018,JEEP,KZD5692,NY,1C4RJFBGXJC240870,CAPITAL;ONE;AUTO FINANCE
"November 14, 2025",MICHAEL GOLIA,"FIVE J'S AUTOMOTIVE 4825 BALDWIN STREET BRONX, NY 10470",auction-111425-bnx.pdf,25,2011,CHEVR,MNS0309,PA,1GNKRGED7BJ129327,CAPITAL ONE AUTO FINANCE
"November 14, 2025",MICHAEL GOLIA,"FIVE J'S AUTOMOTIVE 4825 BALDWIN STREET BRONX, NY 10470",auction-111425-bnx.pdf,29,2022,CHEVR,LXV4093,NY,KL79MPSL0NB031429,GM;FINANCIAL
"November 14, 2025",MICHAEL GOLIA,"FIVE J'S AUTOMOTIVE 4825 BALDWIN STREET BRONX, NY 10470",auction-111425-bnx.pdf,30,2019,HYUND,LGA5549,NY,5NMS53AA1KH073450,"CAPITAL;ONE;AUTO FINANCE The Department of Finance, the New York City Marshal and the Office of the Sheriff make no warranty, expressed or implied, as to the year of any vehicle or any vehicle’s quality or state of repair. Successful purchasers are encouraged to have the vehicle inspected for safety before use including but not limited to manufacturers recall and repair notices. Vehicle safety recall information may be researched at https://vinrcl.safercar.gov/vin/. The National Highway Traffic Safety Administration (NHTSA) site lets you enter a Vehicle Identification Number (VIN) to learn if a specific vehicle has not been repaired as part of a safety recall in the last 15 years. MARSHAL’S EXECUTION SALE PUBLIC SALE AUCTION FOR MARSHAL ILEANA RIVERA OFFICE OF CITY SHERIFF"
"November 14, 2025",MICHAEL GOLIA,"FIVE J'S AUTOMOTIVE 4825 BALDWIN STREET BRONX, NY 10470",auction-111425-bnx.pdf,32,2016,FORD,LUE8207,NY,3FA6P0H93GR377706,UNITED AUTOCREDIT CREDIT CORP
"November 14, 2025",MICHAEL GOLIA,"FIVE J'S AUTOMOTIVE 4825 BALDWIN STREET BRONX, NY 10470",auction-111425-bnx.pdf,33,2016,CHEVR,MKE1707,PA,1G1ZC5ST7GF218276,CREDIT ACCEPTANCE CORP
"November 14, 2025",MICHAEL GOLIA,"FIVE J'S AUTOMOTIVE 4825 BALDWIN STREET BRONX, NY 10470",auction-111425-bnx.pdf,34,2018,HONDA,MAR9159,NY,1HGCV1F35JA167960,WESTLAKE;FINANCIAL SERVICES
"November 14, 2025",MICHAEL GOLIA,"FIVE J'S AUTOMOTIVE 4825 BALDWIN STREET BRONX, NY 10470",auction-111425-bnx.pdf,42,2022,HONDA,A54VMK,NJ,1HGCV1F34NA041725,CAPITAL ONE AUTO FINANCE
"November 14, 2025",MICHAEL GOLIA,"FIVE J'S AUTOMOTIVE 4825 BALDWIN STREET BRONX, NY 10470",auction-111425-bnx.pdf,43,2016,VOLVO,AZ623L,NJ,4V4N99EH4GN938356,ATLAS BUSINESS SLTNS LLC
"November 14, 2025",MICHAEL GOLIA,"FIVE J'S AUTOMOTIVE 4825 BALDWIN STREET BRONX, NY 10470",auction-111425-bnx.pdf,46,2023,MAZDA,LUV2643,NY,3MVDMBBM6PM530383,EXETER;FINANCE;LLC
"November 14, 2025",MICHAEL GOLIA,"FIVE J'S AUTOMOTIVE 4825 BALDWIN STREET BRONX, NY 10470",auction-111425-bnx.pdf,48,2007,SATUR,LUE7213,NY,1G8ZV57757F225539,GMAC
"November 14, 2025",MICHAEL GOLIA,"FIVE J'S AUTOMOTIVE 4825 BALDWIN STREET BRONX, NY 10470",auction-111425-bnx.pdf,49,2023,NISSA,EOAI48,CO,3N1CP5CV7PL514456,CARVANA LLC
"November 14, 2025",MICHAEL GOLIA,"FIVE J'S AUTOMOTIVE 4825 BALDWIN STREET BRONX, NY 10470",auction-111425-bnx.pdf,52,2012,CHRYS,LLU9408,NY,2C3CCACG2CH216343,NAVY FEDERAL CREDIT UNION
"November 14, 2025",MICHAEL GOLIA,"FIVE J'S AUTOMOTIVE 4825 BALDWIN STREET BRONX, NY 10470",auction-111425-bnx.pdf,53,2005,CHRYS,KWX8616,NY,2C4GP54L35R582748,AQSANA 4 EVER CORP
"November 14, 2025",MICHAEL GOLIA,"FIVE J'S AUTOMOTIVE 4825 BALDWIN STREET BRONX, NY 10470",auction-111425-bnx.pdf,57,2018,JEEP,LJU3588,NY,3C4NJDCB9JT492023,WESTLAKE;FINANCIAL SERVICES
"November 14, 2025",MICHAEL GOLIA,"FIVE J'S AUTOMOTIVE 4825 BALDWIN STREET BRONX, NY 10470",auction-111425-bnx.pdf,60,1999,SAAB,LUR9357,NY,YS3DD78N9X7003438,"The Department of Finance, the New York City Marshal and the Office of the Sheriff make no warranty, expressed or implied, as to the year of any vehicle or any vehicle’s quality or state of repair. Successful purchasers are encouraged to have the vehicle inspected for safety before use including but not limited to manufacturers recall and repair notices. Vehicle safety recall information may be researched at https://vinrcl.safercar.gov/vin/. The National Highway Traffic Safety Administration (NHTSA) site lets you enter a Vehicle Identification Number (VIN) to learn if a specific vehicle has not been repaired as part of a safety recall in the last 15 years. MARSHAL’S EXECUTION SALE PUBLIC SALE AUCTION FOR MARSHAL ILEANA RIVERA OFFICE OF CITY SHERIFF"
"November 14, 2025",MICHAEL GOLIA,"FIVE J'S AUTOMOTIVE 4825 BALDWIN STREET BRONX, NY 10470",auction-111425-bnx.pdf,69,2022,HYUND,LUV5743,NY,5NMS3DAJ6NH424272,CARVANA LLC
"November 14, 2025",MICHAEL GOLIA,"FIVE J'S AUTOMOTIVE 4825 BALDWIN STREET BRONX, NY 10470",auction-111425-bnx.pdf,70,2021,HYUND,LVR8484,NY,KMHL64JA2MA143506,CREDIT;ACCEPTANCE CORP
"November 14, 2025",MICHAEL GOLIA,"FIVE J'S AUTOMOTIVE 4825 BALDWIN STREET BRONX, NY 10470",auction-111425-bnx.pdf,74,2022,CHEVR,LHA8470,NY,KL7CJNSM6NB510580,GM;FINANCIAL
"November 14, 2025",MICHAEL GOLIA,"FIVE J'S AUTOMOTIVE 4825 BALDWIN STREET BRONX, NY 10470",auction-111425-bnx.pdf,75,2007,MAZDA,LXH7959,NY,JM1CR29L070143214,"The Department of Finance, the New York City Marshal and the Office of the Sheriff make no warranty, expressed or implied, as to the year of any vehicle or any vehicle’s quality or state of repair. Successful purchasers are encouraged to have the vehicle inspected for safety before use including but not limited to manufacturers recall and repair notices. Vehicle safety recall information may be researched at https://vinrcl.safercar.gov/vin/. The National Highway Traffic Safety Administration (NHTSA) site lets you enter a Vehicle Identification Number (VIN) to learn if a specific vehicle has not been repaired as part of a safety recall in the last 15 years."
"November 14, 2025",RAFAEL LOPEZ,BREEN BROTHERS TOWING INC 1908 SHORE PARKWAY BROOKLYN NY 11214,auction-111425-brooklyn.pdf,1,2024,JEEP,LGL1522,NY,1C4RJYB64RC681151,CCAP;AUTO;LEASE;LTD
"November 14, 2025",RAFAEL LOPEZ,BREEN BROTHERS TOWING INC 1908 SHORE PARKWAY BROOKLYN NY 11214,auction-111425-brooklyn.pdf,2,2020,NISSA,LBE4752,NY,3N1AB8DV3LY263860,JOVIA FINANCIAL
"November 14, 2025",RAFAEL LOPEZ,BREEN BROTHERS TOWING INC 1908 SHORE PARKWAY BROOKLYN NY 11214,auction-111425-brooklyn.pdf,3,2018,NISSA,BJ41908,CT,1N4AA6AP7JC408498,TOYOTA MOTOR CREDIT CORP
"November 14, 2025",RAFAEL LOPEZ,BREEN BROTHERS TOWING INC 1908 SHORE PARKWAY BROOKLYN NY 11214,auction-111425-brooklyn.pdf,4,2019,AUDI,G98RND,NJ,WA1LAAF79KD008009,AUDI FINANCIAL SERVICES
"November 14, 2025",RAFAEL LOPEZ,BREEN BROTHERS TOWING INC 1908 SHORE PARKWAY BROOKLYN NY 11214,auction-111425-brooklyn.pdf,6,2019,BENTLEY,M83VBA,NJ,SJAAM2ZV8KC027341,FORD MOTOR CREDIT CO FORD MOTOR CREDIT CO
"November 14, 2025",RAFAEL LOPEZ,BREEN BROTHERS TOWING INC 1908 SHORE PARKWAY BROOKLYN NY 11214,auction-111425-brooklyn.pdf,7,2019,BMW,BG33581,CT,5UXKU2C54K0Z64781,SANTANDER CONSUMER USA
"November 14, 2025",RAFAEL LOPEZ,BREEN BROTHERS TOWING INC 1908 SHORE PARKWAY BROOKLYN NY 11214,auction-111425-brooklyn.pdf,8,2013,BMW,KXC9505,NY,WBAXH5C59DDW14391,GLOBAL;LENDING;SVCS
"November 14, 2025",RAFAEL LOPEZ,BREEN BROTHERS TOWING INC 1908 SHORE PARKWAY BROOKLYN NY 11214,auction-111425-brooklyn.pdf,10,2021,FORD,BH74953,CT,3FMTK3SS4MMA00766,ALLY;FINANCIAL
"November 14, 2025",RAFAEL LOPEZ,BREEN BROTHERS TOWING INC 1908 SHORE PARKWAY BROOKLYN NY 11214,auction-111425-brooklyn.pdf,11,2017,PORSC,SZM4686,TX,WP1AA2A51HLB01905,"LENTEGRITY, LLC"
"November 14, 2025",RAFAEL LOPEZ,BREEN BROTHERS TOWING INC 1908 SHORE PARKWAY BROOKLYN NY 11214,auction-111425-brooklyn.pdf,12,2016,BMW,KZG2597,NY,5UXKU2C55G0N83688,SANTANDER;CONSUMER
"November 14, 2025",RAFAEL LOPEZ,BREEN BROTHERS TOWING INC 1908 SHORE PARKWAY BROOKLYN NY 11214,auction-111425-brooklyn.pdf,13,2018,HONDA,A373514,MD,1HGCV1F34JA091339,SANTANDER;CONSUMER USA;INC SANTANDER CONSUMER USA
"November 14, 2025",RAFAEL LOPEZ,BREEN BROTHERS TOWING INC 1908 SHORE PARKWAY BROOKLYN NY 11214,auction-111425-brooklyn.pdf,14,2013,INFIN,LAM3450,NC,JN8CS1MU1DM140264,CREDIT ACCEPTANCE CORPORATION
"November 14, 2025",RAFAEL LOPEZ,BREEN BROTHERS TOWING INC 1908 SHORE PARKWAY BROOKLYN NY 11214,auction-111425-brooklyn.pdf,15,2015,NISSA,MKP5956,PA,1N4AL3AP0FN864427,CREDIT;ACCEPTANCE CORP CREDIT ACCEPTANCE CORP
"November 14, 2025",RAFAEL LOPEZ,BREEN BROTHERS TOWING INC 1908 SHORE PARKWAY BROOKLYN NY 11214,auction-111425-brooklyn.pdf,16,2011,INFIN,LKC5543,NY,JN8AZ2NE1B9006936,SANTANDER;CONSUMER
"November 14, 2025",RAFAEL LOPEZ,BREEN BROTHERS TOWING INC 1908 SHORE PARKWAY BROOKLYN NY 11214,auction-111425-brooklyn.pdf,17,2019,BUICK,VVN0614,TX,5GAERBKW9KJ239618,EXETER FINANCE
"November 14, 2025",RAFAEL LOPEZ,BREEN BROTHERS TOWING INC 1908 SHORE PARKWAY BROOKLYN NY 11214,auction-111425-brooklyn.pdf,18,2019,CHEV,JK5236,DC,1G1ZE5SX7KF209907,NAVY FEDERAL CREDIT UNION
"November 14, 2025",RAFAEL LOPEZ,BREEN BROTHERS TOWING INC 1908 SHORE PARKWAY BROOKLYN NY 11214,auction-111425-brooklyn.pdf,20,2015,INFIN,JEX4879,NY,JN1BY1AR1FM562062,EXETER;FINANCE;LLC
"November 14, 2025",RAFAEL LOPEZ,BREEN BROTHERS TOWING INC 1908 SHORE PARKWAY BROOKLYN NY 11214,auction-111425-brooklyn.pdf,21,2019,NISSA,G99UWN,NJ,5N1DR2MM7KC585396,CREDIT ACCEPTANCE CORP
"November 14, 2025",RAFAEL LOPEZ,BREEN BROTHERS TOWING INC 1908 SHORE PARKWAY BROOKLYN NY 11214,auction-111425-brooklyn.pdf,22,2018,AUDI,LHY9262,NY,WAUENAF42JN010098,ONEMAIN FINANCIAL
"November 14, 2025",RAFAEL LOPEZ,BREEN BROTHERS TOWING INC 1908 SHORE PARKWAY BROOKLYN NY 11214,auction-111425-brooklyn.pdf,24,2023,MITSU,LZD9480,PA,JA4ATWAA6PZ001515,CAPITAL ONE AUTO FINANCE
"November 14, 2025",RAFAEL LOPEZ,BREEN BROTHERS TOWING INC 1908 SHORE PARKWAY BROOKLYN NY 11214,auction-111425-brooklyn.pdf,25,2017,NISSA,V58NZV,NJ,KNMAT2MV3HP530530,CREDIT ACCEPTANCE CORP
"November 14, 2025",RAFAEL LOPEZ,BREEN BROTHERS TOWING INC 1908 SHORE PARKWAY BROOKLYN NY 11214,auction-111425-brooklyn.pdf,26,2020,TOYOT,X76PYV,NJ,JTDEBRBE8LJ019536,"CAPITAL ONE AUTO FINANCE TOYOTA;MOTOR;CREDIT CORP The Department of Finance, the New York City Marshal and the Office of the Sheriff make no warranty, expressed or implied, as to the year of any vehicle or any vehicle’s quality or state of repair. Successful purchasers are encouraged to have the vehicle inspected for safety before use including but not limited to manufacturers recall and repair notices. Vehicle safety recall information may be researched at https://vinrcl.safercar.gov/vin/. The National Highway Traffic Safety Administration (NHTSA) site lets you enter a Vehicle Identification Number (VIN) to learn if a specific vehicle has not been repaired as part of a safety recall in the last 15 years. MARSHAL’S EXECUTION SALE PUBLIC SALE AUCTION FOR MARSHAL JEFFREY ROSE CITY MARSHAL OFFICE OF CITY SHERIFF"
"November 14, 2025",RAFAEL LOPEZ,BREEN BROTHERS TOWING INC 1908 SHORE PARKWAY BROOKLYN NY 11214,auction-111425-brooklyn.pdf,27,2006,BMW,LAX8650,NY,5UXFA13536LY30904,BMW;FINANCIAL
"November 14, 2025",RAFAEL LOPEZ,BREEN BROTHERS TOWING INC 1908 SHORE PARKWAY BROOKLYN NY 11214,auction-111425-brooklyn.pdf,30,2008,HYUND,20C052T,AL,KMHCM36C88U075422,REGIONS BANK
"November 14, 2025",RAFAEL LOPEZ,BREEN BROTHERS TOWING INC 1908 SHORE PARKWAY BROOKLYN NY 11214,auction-111425-brooklyn.pdf,32,2020,BMW,MDL7692,PA,WBXJG9C09L5P92580,CREDIT ACCEPTANCE
"November 14, 2025",RAFAEL LOPEZ,BREEN BROTHERS TOWING INC 1908 SHORE PARKWAY BROOKLYN NY 11214,auction-111425-brooklyn.pdf,34,2017,TESLA,M20SDD,NJ,5YJXCDE21HF044786,CAPITAL ONE AUTO FINANCE
"November 14, 2025",RAFAEL LOPEZ,BREEN BROTHERS TOWING INC 1908 SHORE PARKWAY BROOKLYN NY 11214,auction-111425-brooklyn.pdf,35,2003,GMC,KQ219A,FL,1GKFK66UX3J279915,1ST INVESTORS FINANCIAL SVCS
"November 14, 2025",RAFAEL LOPEZ,BREEN BROTHERS TOWING INC 1908 SHORE PARKWAY BROOKLYN NY 11214,auction-111425-brooklyn.pdf,36,2018,KIA,LDZ5005,NC,3KPFK4A74JE210004,CITIZENS;BANK;N;A AMERICAN CREDIT ACCEPTANCE LLC
"November 14, 2025",RAFAEL LOPEZ,BREEN BROTHERS TOWING INC 1908 SHORE PARKWAY BROOKLYN NY 11214,auction-111425-brooklyn.pdf,37,2014,NISSA,789PFW,OR,3N1CN7AP4EL827936,WELLS FARGO AUTO
"November 14, 2025",RAFAEL LOPEZ,BREEN BROTHERS TOWING INC 1908 SHORE PARKWAY BROOKLYN NY 11214,auction-111425-brooklyn.pdf,43,2021,JEEP,LPW1264,NY,1C4RJKBG7M8171930,CAPITAL;ONE;AUTO
"November 14, 2025",RAFAEL LOPEZ,BREEN BROTHERS TOWING INC 1908 SHORE PARKWAY BROOKLYN NY 11214,auction-111425-brooklyn.pdf,44,2015,FORD,LNL6027,NY,1FM5K8D88FGB15195,CREDIT;ACCEPTANCE
"November 14, 2025",RAFAEL LOPEZ,BREEN BROTHERS TOWING INC 1908 SHORE PARKWAY BROOKLYN NY 11214,auction-111425-brooklyn.pdf,46,2020,TESLA,T125877C,NY,5YJYGDEE9LF055885,VALLEY STRONG
"November 14, 2025",RAFAEL LOPEZ,BREEN BROTHERS TOWING INC 1908 SHORE PARKWAY BROOKLYN NY 11214,auction-111425-brooklyn.pdf,47,2019,NISSA,RKKZ23,FL,3N1AB7APXKY202522,GM FINANCIAL
"November 14, 2025",RAFAEL LOPEZ,BREEN BROTHERS TOWING INC 1908 SHORE PARKWAY BROOKLYN NY 11214,auction-111425-brooklyn.pdf,48,2021,VOLKS,LJH4957,NY,1V2WP2CA9MC603182,GLOBAL;LENDING;SVCS
"November 14, 2025",RAFAEL LOPEZ,BREEN BROTHERS TOWING INC 1908 SHORE PARKWAY BROOKLYN NY 11214,auction-111425-brooklyn.pdf,49,2016,MITSU,KWW4517,NY,JA4JZ4AXXGZ038607,REGIONAL
"November 14, 2025",RAFAEL LOPEZ,BREEN BROTHERS TOWING INC 1908 SHORE PARKWAY BROOKLYN NY 11214,auction-111425-brooklyn.pdf,51,2023,NISSA,LHZ7728,NY,JN8BT3BB4PW359279,CAPITAL;ONE;AUTO
"November 14, 2025",RAFAEL LOPEZ,BREEN BROTHERS TOWING INC 1908 SHORE PARKWAY BROOKLYN NY 11214,auction-111425-brooklyn.pdf,54,2019,CHEVR,LVX7157,NY,3GNAXJEV9KS616180,UNITED AUTOCREDIT
"November 14, 2025",RAFAEL LOPEZ,BREEN BROTHERS TOWING INC 1908 SHORE PARKWAY BROOKLYN NY 11214,auction-111425-brooklyn.pdf,55,2005,CHRYS,392AEL,SC,1C3EL55R45N676967,"The Department of Finance, the New York City Marshal and the Office of the Sheriff make no warranty, expressed or implied, as to the year of any vehicle or any vehicle’s quality or state of repair. Successful purchasers are encouraged to have the vehicle inspected for safety before use including but not limited to manufacturers recall and repair notices. Vehicle safety recall information may be researched at https://vinrcl.safercar.gov/vin/. The National Highway Traffic Safety Administration (NHTSA) site lets you enter a Vehicle Identification Number (VIN) to learn if a specific vehicle has not been repaired as part of a safety recall in the last 15 years. MARSHAL’S EXECUTION SALE PUBLIC SALE AUCTION FOR MARSHAL JEFFREY ROSE CITY MARSHAL OFFICE OF CITY SHERIFF"
"November 14, 2025",RAFAEL LOPEZ,BREEN BROTHERS TOWING INC 1908 SHORE PARKWAY BROOKLYN NY 11214,auction-111425-brooklyn.pdf,58,2021,JEEP,LTH9836,NY,1C4RJKBGXM8122477,TD BANK NA
"November 14, 2025",RAFAEL LOPEZ,BREEN BROTHERS TOWING INC 1908 SHORE PARKWAY BROOKLYN NY 11214,auction-111425-brooklyn.pdf,64,2019,DODGE,KEK2144,NY,3C4PDDGG4KT774853,CAPITAL;ONE;AUTO
"November 14, 2025",RAFAEL LOPEZ,BREEN BROTHERS TOWING INC 1908 SHORE PARKWAY BROOKLYN NY 11214,auction-111425-brooklyn.pdf,65,2017,CHEVY,RKA1754,NC,1G1ZE5ST5HF196726,AMERICREDIT INC GM FINANCIAL WELLS FARGO VEH FIN SVS LLC
"November 14, 2025",RAFAEL LOPEZ,BREEN BROTHERS TOWING INC 1908 SHORE PARKWAY BROOKLYN NY 11214,auction-111425-brooklyn.pdf,67,2019,CHRYS,LAP8364,NY,2C4RC1BG0KR721300,ALLY;FINANCIAL
"November 14, 2025",RAFAEL LOPEZ,BREEN BROTHERS TOWING INC 1908 SHORE PARKWAY BROOKLYN NY 11214,auction-111425-brooklyn.pdf,73,2025,HYUND,LUH2948,NY,KMHL64JA0SA478597,HYUNDAI;LEASE TITLING;TRUST
"November 14, 2025",RAFAEL LOPEZ,BREEN BROTHERS TOWING INC 1908 SHORE PARKWAY BROOKLYN NY 11214,auction-111425-brooklyn.pdf,75,2019,JEEP,V26VAD,NJ,1C4PJMDN8KD133738,CREDIT ACCEPTANCE CORP
"November 14, 2025",RAFAEL LOPEZ,BREEN BROTHERS TOWING INC 1908 SHORE PARKWAY BROOKLYN NY 11214,auction-111425-brooklyn.pdf,76,2019,JEEP,JEL3710,NY,1C4RJFBG1KC563965,CCAP;AUTO;LEASE;LTD
"November 14, 2025",RAFAEL LOPEZ,BREEN BROTHERS TOWING INC 1908 SHORE PARKWAY BROOKLYN NY 11214,auction-111425-brooklyn.pdf,78,2019,HONDA,LRE6406,NY,7FARW1H86KE036564,AMERICAN;HONDA
"November 14, 2025",RAFAEL LOPEZ,BREEN BROTHERS TOWING INC 1908 SHORE PARKWAY BROOKLYN NY 11214,auction-111425-brooklyn.pdf,80,2021,NISSA,LGD8570,NY,1N4BL4CW5MN341948,"CAPITAL;ONE;AUTO The Department of Finance, the New York City Marshal and the Office of the Sheriff make no warranty, expressed or implied, as to the year of any vehicle or any vehicle’s quality or state of repair. Successful purchasers are encouraged to have the vehicle inspected for safety before use including but not limited to manufacturers recall and repair notices. Vehicle safety recall information may be researched at https://vinrcl.safercar.gov/vin/. The National Highway Traffic Safety Administration (NHTSA) site lets you enter a Vehicle Identification Number (VIN) to learn if a specific vehicle has not been repaired as part of a safety recall in the last 15 years."
"November 14, 2025",Rafael Lopez,"BREEN BROTHERS 1908 SHORE PARKWAY BROOKLYN, NEW YORK 11214",auction-111425-2-brooklyn.pdf,1,2020,NISSAN,KWE4562,NY,1N4BL4BV0LC157441,CREDIT;ACCEPTANCE CORP
"November 14, 2025",Rafael Lopez,"BREEN BROTHERS 1908 SHORE PARKWAY BROOKLYN, NEW YORK 11214",auction-111425-2-brooklyn.pdf,3,2023,HYUNDAI,LHG9190,NY,KMHLP4AG9PU417675,HYUNDAI LEASE TITLING TRUST
"November 14, 2025",Rafael Lopez,"BREEN BROTHERS 1908 SHORE PARKWAY BROOKLYN, NEW YORK 11214",auction-111425-2-brooklyn.pdf,4,2020,TOYOTA,KMU2958,NY,5TDKZ3DC6LS067210,WELLS FARGO AUTO
"November 14, 2025",Rafael Lopez,"BREEN BROTHERS 1908 SHORE PARKWAY BROOKLYN, NEW YORK 11214",auction-111425-2-brooklyn.pdf,5,2022,JEEP,KAA6026,NY,1C4RJHET0N8510640,CCAP;AUTO;LEASE;LTD
"November 14, 2025",Rafael Lopez,"BREEN BROTHERS 1908 SHORE PARKWAY BROOKLYN, NEW YORK 11214",auction-111425-2-brooklyn.pdf,6,2018,TOYOTA,MHT1590,PA,3MYDLBYV3JY324900,TOYOTA MOTOR CREDIT CORP
"November 14, 2025",Rafael Lopez,"BREEN BROTHERS 1908 SHORE PARKWAY BROOKLYN, NEW YORK 11214",auction-111425-2-brooklyn.pdf,7,2015,ACURA,R61PGW,NJ,19UUB2F54FA004776,ALLY FINANCIAL INC
"November 14, 2025",Rafael Lopez,"BREEN BROTHERS 1908 SHORE PARKWAY BROOKLYN, NEW YORK 11214",auction-111425-2-brooklyn.pdf,9,2021,KIA,LUM6363,NY,5XYP64HC6MG102471,CREDIT;ACCEPTANCE CORP
"November 14, 2025",Rafael Lopez,"BREEN BROTHERS 1908 SHORE PARKWAY BROOKLYN, NEW YORK 11214",auction-111425-2-brooklyn.pdf,10,2024,TOYOTA,K93UDM,NJ,4T1C31AK2RU630484,UTICALS CONOVARTIS PHARMACE
"November 14, 2025",Rafael Lopez,"BREEN BROTHERS 1908 SHORE PARKWAY BROOKLYN, NEW YORK 11214",auction-111425-2-brooklyn.pdf,11,2021,HONDA,LLC2341,NY,2HGFC2F69MH540877,CAPITAL;ONE;AUTO
"November 14, 2025",Rafael Lopez,"BREEN BROTHERS 1908 SHORE PARKWAY BROOKLYN, NEW YORK 11214",auction-111425-2-brooklyn.pdf,12,2020,FORD,XMBA84,NJ,1FTBR1C84LKB61059,FORD MOTOR CREDIT CO
"November 14, 2025",Rafael Lopez,"BREEN BROTHERS 1908 SHORE PARKWAY BROOKLYN, NEW YORK 11214",auction-111425-2-brooklyn.pdf,13,2018,ME/BE,KRU7075,NY,WDCTG4GB9JJ521618,ALLY;FINANCIAL
"November 14, 2025",Rafael Lopez,"BREEN BROTHERS 1908 SHORE PARKWAY BROOKLYN, NEW YORK 11214",auction-111425-2-brooklyn.pdf,15,2020,ISUZU,93447ND,NY,54DC4W1D2LS209587,ALLY;FINANCIAL
"November 14, 2025",Rafael Lopez,"BREEN BROTHERS 1908 SHORE PARKWAY BROOKLYN, NEW YORK 11214",auction-111425-2-brooklyn.pdf,16,2017,ME/BE,LFP7313,PA,4JGDA5HB1HA878877,CREDIT ACCEPTANCE
"November 14, 2025",Rafael Lopez,"BREEN BROTHERS 1908 SHORE PARKWAY BROOKLYN, NEW YORK 11214",auction-111425-2-brooklyn.pdf,17,2023,TOYOTA,LNB8947,NY,5TDXBRCH0PS582400,SANTANDER;CONSUMER
"November 14, 2025",Rafael Lopez,"BREEN BROTHERS 1908 SHORE PARKWAY BROOKLYN, NEW YORK 11214",auction-111425-2-brooklyn.pdf,18,2023,JEEP,LRD8287,NY,1C4HJXFG9PW655438,CHRYSLER;CAPITAL
"November 14, 2025",Rafael Lopez,"BREEN BROTHERS 1908 SHORE PARKWAY BROOKLYN, NEW YORK 11214",auction-111425-2-brooklyn.pdf,19,2024,HONDA,LLC7367,NY,5FNYG1H72RB043002,HVT INC
"November 14, 2025",Rafael Lopez,"BREEN BROTHERS 1908 SHORE PARKWAY BROOKLYN, NEW YORK 11214",auction-111425-2-brooklyn.pdf,20,2019,CHEVR,30ATEA,FL,3GNKBBRA9KS609911,GLOBAL LENDING SERVICES LLC
"November 14, 2025",Rafael Lopez,"BREEN BROTHERS 1908 SHORE PARKWAY BROOKLYN, NEW YORK 11214",auction-111425-2-brooklyn.pdf,21,2020,FORD,UXX348,SC,1FA6P8CF7L5159227,CARVANA LLC
"November 14, 2025",Rafael Lopez,"BREEN BROTHERS 1908 SHORE PARKWAY BROOKLYN, NEW YORK 11214",auction-111425-2-brooklyn.pdf,23,2017,CHEVR,HYB3249,NY,1GNSKCKC3HR143423,WESTLAKE;FINANCIAL SERVICES
"November 14, 2025",Rafael Lopez,"BREEN BROTHERS 1908 SHORE PARKWAY BROOKLYN, NEW YORK 11214",auction-111425-2-brooklyn.pdf,24,2018,HYUNDAI,LLR7949,NY,5NMZUDLB5JH097942,GLOBAL;LENDING;SVCS
"November 14, 2025",Rafael Lopez,"BREEN BROTHERS 1908 SHORE PARKWAY BROOKLYN, NEW YORK 11214",auction-111425-2-brooklyn.pdf,25,2019,TESLA,KTL1738,NY,5YJ3E1EB1KF418117,CAPITAL;ONE;AUTO FINANCE
"November 14, 2025",Rafael Lopez,"BREEN BROTHERS 1908 SHORE PARKWAY BROOKLYN, NEW YORK 11214",auction-111425-2-brooklyn.pdf,26,2019,NISSAN,JPR7797,NY,5N1DR2MM3KC624386,AMERICREDIT;DINANCIAL SERVICE
"November 14, 2025",Rafael Lopez,"BREEN BROTHERS 1908 SHORE PARKWAY BROOKLYN, NEW YORK 11214",auction-111425-2-brooklyn.pdf,27,2020,RAM,XLTN68,NJ,3C6URVJG9LE108782,ELE FUNDING LLC
"November 14, 2025",Rafael Lopez,"BREEN BROTHERS 1908 SHORE PARKWAY BROOKLYN, NEW YORK 11214",auction-111425-2-brooklyn.pdf,28,2018,CHEVR,LWL9838,NY,1G1JF5SB0J4135237,SANTANDER;CONSUMER USA;INC
"November 14, 2025",Rafael Lopez,"BREEN BROTHERS 1908 SHORE PARKWAY BROOKLYN, NEW YORK 11214",auction-111425-2-brooklyn.pdf,29,2024,MAZDA,LLB8982,NY,JM3KFBCL1R0459258,TOYOTA LEASE TRUST
"November 14, 2025",Rafael Lopez,"BREEN BROTHERS 1908 SHORE PARKWAY BROOKLYN, NEW YORK 11214",auction-111425-2-brooklyn.pdf,30,2000,MAZDA,KYP2407,NY,JM1BJ2214Y0270190,"JP;MORGAN;CHASE BANK;NA The Department of Finance, the New York City Marshal and the Office of the Sheriff make no warranty, expressed or implied, as to the year of any vehicle or any vehicle’s quality or state of repair. Successful purchasers are encouraged to have the vehicle inspected for safety before use including but not limited to manufacturers recall and repair notices. Vehicle safety recall information may be researched at https://vinrcl.safercar.gov/vin/. The National Highway Traffic Safety Administration (NHTSA) site lets you enter a Vehicle Identification Number (VIN) to learn if a specific vehicle has not been repaired as part of a safety recall in the last 15 years. MARSHAL’S EXECUTION SALE PUBLIC SALE AUCTION FOR MARSHAL Richard J. Pagnotta OFFICE OF CITY SHERIFF"
"November 14, 2025",Rafael Lopez,"BREEN BROTHERS 1908 SHORE PARKWAY BROOKLYN, NEW YORK 11214",auction-111425-2-brooklyn.pdf,31,2021,HYUNDAI,LNB5603,NY,KM8J3CA40MU396861,CREDIT;ACCEPTANCE CORP
"November 14, 2025",Rafael Lopez,"BREEN BROTHERS 1908 SHORE PARKWAY BROOKLYN, NEW YORK 11214",auction-111425-2-brooklyn.pdf,33,2018,TOYOTA,X76UKF,NJ,2T1BURHE1JC967886,TOYOTA;LEASE;TRUST WESTERN FUNDING INC
"November 14, 2025",Rafael Lopez,"BREEN BROTHERS 1908 SHORE PARKWAY BROOKLYN, NEW YORK 11214",auction-111425-2-brooklyn.pdf,35,2015,FORD,LSZ9157,NY,2FMTK4J82FBB70057,FIRST INVESTORS FIN SERVICES
"November 14, 2025",Rafael Lopez,"BREEN BROTHERS 1908 SHORE PARKWAY BROOKLYN, NEW YORK 11214",auction-111425-2-brooklyn.pdf,36,2015,NISSAN,V56JPM,NJ,1N4AL3AP8FC286704,WESTLAKE FINANCIAL SERVICES
"November 14, 2025",Rafael Lopez,"BREEN BROTHERS 1908 SHORE PARKWAY BROOKLYN, NEW YORK 11214",auction-111425-2-brooklyn.pdf,37,2015,PORSC,HZD7901,NY,WP0AA2A7XFL003312,PORSCHE;LEASING;LTD
"November 14, 2025",Rafael Lopez,"BREEN BROTHERS 1908 SHORE PARKWAY BROOKLYN, NEW YORK 11214",auction-111425-2-brooklyn.pdf,38,2019,VOLKS,8PYH224,CA,3VWH17AU8KM501077,CAPITAL ONE AUTO FIN
"November 14, 2025",Rafael Lopez,"BREEN BROTHERS 1908 SHORE PARKWAY BROOKLYN, NEW YORK 11214",auction-111425-2-brooklyn.pdf,39,2014,JEEP,H83VBZ,NJ,1C4NJDBB6ED536895,CHRYSLER CAPITAL
"November 14, 2025",Rafael Lopez,"BREEN BROTHERS 1908 SHORE PARKWAY BROOKLYN, NEW YORK 11214",auction-111425-2-brooklyn.pdf,40,2025,RAM,LKJ1340,NY,1C6SRFMP1SN515496,CCAP;AUTO;LEASE;LTD
"November 14, 2025",Rafael Lopez,"BREEN BROTHERS 1908 SHORE PARKWAY BROOKLYN, NEW YORK 11214",auction-111425-2-brooklyn.pdf,43,2015,VW,LCS4860,NC,3VW517ATXFM811215,SANTANDER CONSUMER USA INC
"November 14, 2025",Rafael Lopez,"BREEN BROTHERS 1908 SHORE PARKWAY BROOKLYN, NEW YORK 11214",auction-111425-2-brooklyn.pdf,44,2019,NISSAN,KST8287,NY,5N1AT2MV9KC763970,OCEAN FINANCIAL FED CRED UNION
"November 14, 2025",Rafael Lopez,"BREEN BROTHERS 1908 SHORE PARKWAY BROOKLYN, NEW YORK 11214",auction-111425-2-brooklyn.pdf,45,2011,KIA,HVU3584,NY,5XYKT4A17BG032729,JPMORGAN;CHASE BANK;NA
"November 14, 2025",Rafael Lopez,"BREEN BROTHERS 1908 SHORE PARKWAY BROOKLYN, NEW YORK 11214",auction-111425-2-brooklyn.pdf,46,2018,FORD,LTT4288,NY,1FM5K8D86JGB62301,"SANTANDER;CONSUMER USA;INC The Department of Finance, the New York City Marshal and the Office of the Sheriff make no warranty, expressed or implied, as to the year of any vehicle or any vehicle’s quality or state of repair. Successful purchasers are encouraged to have the vehicle inspected for safety before use including but not limited to manufacturers recall and repair notices. Vehicle safety recall information may be researched at https://vinrcl.safercar.gov/vin/. The National Highway Traffic Safety Administration (NHTSA) site lets you enter a Vehicle Identification Number (VIN) to learn if a specific vehicle has not been repaired as part of a safety recall in the last 15 years."
"November 17, 2025",RAFAEL LOPEZ,"Breen Brothers 566 Industrial Loop Staten Island, NY 10309",auction-111725-statisl.pdf,2,2011,JEEP,KDE2599,NY,1J4RR6GT7BC607346,MAXIM;CAPITAL
"November 17, 2025",RAFAEL LOPEZ,"Breen Brothers 566 Industrial Loop Staten Island, NY 10309",auction-111725-statisl.pdf,9,2011,FORD,BJ14762,CT,1FTSE35S24HA23648,WESTLAKE FINACIAL SERVICES LLC
"November 17, 2025",RAFAEL LOPEZ,"Breen Brothers 566 Industrial Loop Staten Island, NY 10309",auction-111725-statisl.pdf,10,2023,TOYOT,Z63SXS,NJ,5TDKDRBH5PS046676,TOYOTA MOTOR CREDIT CORP
"November 17, 2025",RAFAEL LOPEZ,"Breen Brothers 566 Industrial Loop Staten Island, NY 10309",auction-111725-statisl.pdf,11,2023,TESLA,SHC6128,GA,5YJ3E1EAXPF666235,WELLS FARGO AUTO
"November 17, 2025",RAFAEL LOPEZ,"Breen Brothers 566 Industrial Loop Staten Island, NY 10309",auction-111725-statisl.pdf,12,2020,VOLVO,LXY6405,NY,YV4102RK2L1474659,CAPITAL;ONE;AUTO
"November 17, 2025",RAFAEL LOPEZ,"Breen Brothers 566 Industrial Loop Staten Island, NY 10309",auction-111725-statisl.pdf,14,2012,GMC,KXL7257,NY,1GKKVTED4CJ147691,CREDIT;ACCEPTANCE
"November 17, 2025",RAFAEL LOPEZ,"Breen Brothers 566 Industrial Loop Staten Island, NY 10309",auction-111725-statisl.pdf,17,2021,FORD,KWM6937,NY,1FTER4FH8MLD86607,MEDICAL;EMPLOYEES;OF
"November 17, 2025",RAFAEL LOPEZ,"Breen Brothers 566 Industrial Loop Staten Island, NY 10309",auction-111725-statisl.pdf,18,2020,ROVER,MDN0832,TX,SALZM2GX5LH027834,JP MORGAN CHASE BANK NA
"November 17, 2025",RAFAEL LOPEZ,"Breen Brothers 566 Industrial Loop Staten Island, NY 10309",auction-111725-statisl.pdf,24,2015,FORD,LVR6448,NY,1FM5K8F88FGA60227,CREDIT;ACCEPTANCE
"November 17, 2025",RAFAEL LOPEZ,"Breen Brothers 566 Industrial Loop Staten Island, NY 10309",auction-111725-statisl.pdf,29,2014,FORD,KST2116,NY,1ZVBP8AM4E5293638,WESTLAKE;FINANCIAL
"November 17, 2025",RAFAEL LOPEZ,"Breen Brothers 566 Industrial Loop Staten Island, NY 10309",auction-111725-statisl.pdf,30,2021,FORD,KGY7701,NY,NM0GE9F25M1488677,"FORD;MOTOR;CREDIT;CO The Department of Finance, the New York City Marshal and the Office of the Sheriff make no warranty, expressed or implied, as to the year of any vehicle or any vehicle’s quality or state of repair. Successful purchasers are encouraged to have the vehicle inspected for safety before use including but not limited to manufacturers recall and repair notices. Vehicle safety recall information may be researched at https://vinrcl.safercar.gov/vin/. The National Highway Traffic Safety Administration (NHTSA) site lets you enter a Vehicle Identification Number (VIN) to learn if a specific vehicle has not been repaired as part of a safety recall in the last 15 years. MARSHAL’S EXECUTION SALE PUBLIC SALE AUCTION FOR MARSHAL GEORGE ESSOCK JR OFFICE OF CITY SHERIFF"
"November 17, 2025",RAFAEL LOPEZ,"Breen Brothers 566 Industrial Loop Staten Island, NY 10309",auction-111725-statisl.pdf,31,2013,FORD,MJM7486,PA,1FM5K8D86DGA65006,CAPITAL ONE AUTO FINANCE
"November 17, 2025",RAFAEL LOPEZ,"Breen Brothers 566 Industrial Loop Staten Island, NY 10309",auction-111725-statisl.pdf,33,2018,NISSA,JRR7103,NY,3N1AB7AP9JY326697,CAPITAL;ONE;AUTO
"November 17, 2025",RAFAEL LOPEZ,"Breen Brothers 566 Industrial Loop Staten Island, NY 10309",auction-111725-statisl.pdf,34,2013,HONDA,Y52UNS,NJ,1HGCR2F38DA199672,EXETER FINANCE LLC
"November 17, 2025",RAFAEL LOPEZ,"Breen Brothers 566 Industrial Loop Staten Island, NY 10309",auction-111725-statisl.pdf,41,2016,HYUND,KDE1030,NY,KMHCT4AE8GU981148,WESTLAKE FINANCIAL
"November 17, 2025",RAFAEL LOPEZ,"Breen Brothers 566 Industrial Loop Staten Island, NY 10309",auction-111725-statisl.pdf,43,2017,BMW,HTN4707,NY,5UXKR0C31H0X78984,BMW;BANK;OF;NORTH
"November 17, 2025",RAFAEL LOPEZ,"Breen Brothers 566 Industrial Loop Staten Island, NY 10309",auction-111725-statisl.pdf,47,2017,HYUN,HNKP38,FL,5NPD84LF6HH078217,ALLY FINANCIAL
"November 17, 2025",RAFAEL LOPEZ,"Breen Brothers 566 Industrial Loop Staten Island, NY 10309",auction-111725-statisl.pdf,52,2002,TOYOT,LRY4063,NY,4T1BE32K52U106655,TOYOTA;MOTOR;CREDIT
"November 17, 2025",RAFAEL LOPEZ,"Breen Brothers 566 Industrial Loop Staten Island, NY 10309",auction-111725-statisl.pdf,55,2018,MITSU,98BVGL,FL,JA4AS3AA2JZ068198,"ALLY FINANCIAL The Department of Finance, the New York City Marshal and the Office of the Sheriff make no warranty, expressed or implied, as to the year of any vehicle or any vehicle’s quality or state of repair. Successful purchasers are encouraged to have the vehicle inspected for safety before use including but not limited to manufacturers recall and repair notices. Vehicle safety recall information may be researched at https://vinrcl.safercar.gov/vin/. The National Highway Traffic Safety Administration (NHTSA) site lets you enter a Vehicle Identification Number (VIN) to learn if a specific vehicle has not been repaired as part of a safety recall in the last 15 years."
"November 18, 2025",RAFAEL LOPEZ,,auction-111825-bronx.pdf,2,2019,TOYOTA,BB20896,CT,2T3A1RFV8KW049650,TD BANK NA
"November 18, 2025",RAFAEL LOPEZ,,auction-111825-bronx.pdf,3,2021,HYUNDAI,KVP6563,NY,5NPEJ4J21MH101714,JOVIA FINANCIAL CREDIT UNION
"November 18, 2025",RAFAEL LOPEZ,,auction-111825-bronx.pdf,4,2019,DODGE,LKA2730,NY,2C3CDXHGXKH674350,POTENZA LLC
"November 18, 2025",RAFAEL LOPEZ,,auction-111825-bronx.pdf,6,2022,HYUNDAI,KMS4447,NY,5NPEK4JC3NH137315,HYUNDAI LEASE TITLING TRUST
"November 18, 2025",RAFAEL LOPEZ,,auction-111825-bronx.pdf,7,2021,KIA,MRK5,NY,5XXG34J2XMG057629,KIA MOTORS FINANCE
"November 18, 2025",RAFAEL LOPEZ,,auction-111825-bronx.pdf,8,2024,CHEVROLET,A14SSU,NJ,3GCNDAEK6RG103359,AMERICREDI INC GM FINANCIAL
"November 18, 2025",RAFAEL LOPEZ,,auction-111825-bronx.pdf,10,2023,MITSU,MHM6825,PA,JA4ARUAU5PU013326,CAPITAL ONE AUTO FINANCE
"November 18, 2025",RAFAEL LOPEZ,,auction-111825-bronx.pdf,11,2018,CHEVROLET,K97VCB,NJ,KL7CJPSBXJB614221,CAPITAL ONE AUTO FINANCE
"November 18, 2025",RAFAEL LOPEZ,,auction-111825-bronx.pdf,12,2023,KIA,LUU5676,NY,3KPF54AD3PE530372,ALLY FINANCIAL
"November 18, 2025",RAFAEL LOPEZ,,auction-111825-bronx.pdf,13,2020,ME,ELADIA,TX,W1K3G5BB6LJ222910,AMERICAN CREDIT ACCEPTANCE
"November 18, 2025",RAFAEL LOPEZ,,auction-111825-bronx.pdf,14,2017,JEEP,KMT1888,NY,1C4PJMCB6HW570352,CAPITAL ONE AUTO FINANCE
"November 18, 2025",RAFAEL LOPEZ,,auction-111825-bronx.pdf,15,2018,JEEP,LTX9602,NY,3C4NJDCB4JT264074,CREDITT ACCEPTANCE CORP
"November 18, 2025",RAFAEL LOPEZ,,auction-111825-bronx.pdf,18,2012,HONDA,MNL3924,PA,5J6RM4H32CL057623,"The Department of Finance, the New York City and the Office of the Sheriff make no warranty, expressed or implied, as to the year of any vehicle or vehicle's quality or state of repair. Successful purchasers are encouraged to have the vehicle inspected for safety before use including but not limited to manufacturers recall and repair notices. Vehicle safety recall information may be researched at https://vinrcl.safercar.gov/vin/. The National Highway traffic Safety Administration (NHTSA) site lets you enter a Vehicle Identification Number (VIN) to learn if a to learn if a specific vehicle has not been repaired as part of a safety recall in the last 15 years. MARSHAL'S EXECUTION SALE PUBLIC SALE AUCTION FOR MARSHAL BERNARD BLAKE OFFICE OF CITY SHERIFF"
"November 18, 2025",RAFAEL LOPEZ,,auction-111825-bronx.pdf,19,2016,KIA,LRL4732,NY,5XXGU4L31GG085486,KIA MOTORS FINANCE
"November 18, 2025",RAFAEL LOPEZ,,auction-111825-bronx.pdf,20,2017,JEEP,KAH8603,NY,1C4RJFBG5HC792996,CAPITAL ONE AUTO FINANCE
"November 18, 2025",RAFAEL LOPEZ,,auction-111825-bronx.pdf,23,2024,HONDA,LHY9426,NY,2HGFE2F50RH525077,AMERICAN HONDA FINANCE CORP
"November 18, 2025",RAFAEL LOPEZ,,auction-111825-bronx.pdf,26,2014,JEEP,LJG1923,PA,1C4NJDCB6ED653066,HOLYOKE CREDIT UNION
"November 18, 2025",RAFAEL LOPEZ,,auction-111825-bronx.pdf,28,2015,DODGE,KAX1995,NC,3C4PDCGG6FT583340,CARMART OF GREENVILLE
"November 18, 2025",RAFAEL LOPEZ,,auction-111825-bronx.pdf,29,2022,NISSAN,H71UTR,NJ,1N4BL4DV7NN390253,CREDIT ACCEPTANCE CORP
"November 18, 2025",RAFAEL LOPEZ,,auction-111825-bronx.pdf,30,2021,KIA,TTK3031,TX,3KPF24AD2ME310208,LENDBUZZ FUNDING LLC
"November 18, 2025",RAFAEL LOPEZ,,auction-111825-bronx.pdf,34,2017,TOYOTA,T56SEN,NJ,2T3BFREVXHW613766,TOYOTA MOTOR CREDIT CORP
"November 18, 2025",RAFAEL LOPEZ,,auction-111825-bronx.pdf,35,2023,BMW,LVT4017,NY,WBA33AG02PCN75612,LENDBUZZ FUNDING LLC
"November 18, 2025",RAFAEL LOPEZ,,auction-111825-bronx.pdf,36,2018,HONDA,LCG1320,NY,1HGCV1F39JA225195,"CREDIT ACCEPTANCE CORP The Department of Finance, the New York City and the Office of the Sheriff make no warranty, expressed or implied, as to the year of any vehicle or vehicle's quality or state of repair. Successful purchasers are encouraged to have the vehicle inspected for safety before use including but not limited to manufacturers recall and repair notices. Vehicle safety recall information may be researched at https://vinrcl.safercar.gov/vin/. The National Highway traffic Safety Administration (NHTSA) site lets you enter a Vehicle Identification Number (VIN) to learn if a to learn if a specific vehicle has not been repaired as part of a safety recall in the last 15 years. MARSHAL'S EXECUTION SALE PUBLIC SALE AUCTION FOR MARSHAL BERNARD BLAKE OFFICE OF CITY SHERIFF"
"November 18, 2025",RAFAEL LOPEZ,,auction-111825-bronx.pdf,38,2024,MITSUBISHI,LTJ6019,NY,JA4ARVAW1RU025435,SANTANDER CONSUMER USA INC
"November 18, 2025",RAFAEL LOPEZ,,auction-111825-bronx.pdf,39,2000,TOYOTA,LTE8252,NY,JT3HN87R6Y0306028,TOYOTA MOTOR CREDIT CORPORATIO
"November 18, 2025",RAFAEL LOPEZ,,auction-111825-bronx.pdf,41,2012,HONDA,LVF4013,NY,5FNRL5H62CB085742,WESTLAKE FINANCIAL SERVICE
"November 18, 2025",RAFAEL LOPEZ,,auction-111825-bronx.pdf,44,2024,ACURA,LPU9733,NY,19UDE4H31RA016290,AMERICAN HONDA FINANCE CORP
"November 18, 2025",RAFAEL LOPEZ,,auction-111825-bronx.pdf,48,2004,GMC,KAH9919,NY,1GKES12SX46159796,"The Department of Finance, the New York City and the Office of the Sheriff make no warranty, expressed or implied, as to the year of any vehicle or vehicle's quality or state of repair. Successful purchasers are encouraged to have the vehicle inspected for safety before use including but not limited to manufacturers recall and repair notices. Vehicle safety recall information may be researched at https://vinrcl.safercar.gov/vin/. The National Highway traffic Safety Administration (NHTSA) site lets you enter a Vehicle Identification Number (VIN) to learn if a to learn if a specific vehicle has not been repaired as part of a safety recall in the last 15 years."
"November 19, 2025",FREDRICK MCKEITHAN,BREEN BROTHERS TOWING 1908 SHORE PARKWAY BROOKLYN NY 11214,auction-111925-brooklyn.pdf,3,2024,MITSU,LHY8116,NY,JA4ARUAU8RU002601,CREDIT;ACCEPTANCE;CORP
"November 19, 2025",FREDRICK MCKEITHAN,BREEN BROTHERS TOWING 1908 SHORE PARKWAY BROOKLYN NY 11214,auction-111925-brooklyn.pdf,5,2017,TOYOT,LPY3504,NY,JTMBFREV8FD139794,ALLY FINANCIAL
"November 19, 2025",FREDRICK MCKEITHAN,BREEN BROTHERS TOWING 1908 SHORE PARKWAY BROOKLYN NY 11214,auction-111925-brooklyn.pdf,6,2020,TOYOT,LPG3037,NY,JTDEPRAE7LJ072439,CREDIT;ACCEPTANCE
"November 19, 2025",FREDRICK MCKEITHAN,BREEN BROTHERS TOWING 1908 SHORE PARKWAY BROOKLYN NY 11214,auction-111925-brooklyn.pdf,9,2021,JEEP,LJG6673,NY,1C4PJMDX3MD104782,CREDIT;ACCEPTANCE
"November 19, 2025",FREDRICK MCKEITHAN,BREEN BROTHERS TOWING 1908 SHORE PARKWAY BROOKLYN NY 11214,auction-111925-brooklyn.pdf,10,2023,BMW,LKY7273,NY,5UXCR6C02P9N49768,GLOBAL;LENDING;SVCS
"November 19, 2025",FREDRICK MCKEITHAN,BREEN BROTHERS TOWING 1908 SHORE PARKWAY BROOKLYN NY 11214,auction-111925-brooklyn.pdf,17,2018,HONDA,LPG3470,NY,2HGFC2F50JH511223,CREDIT;ACCEPTANCE
"November 19, 2025",FREDRICK MCKEITHAN,BREEN BROTHERS TOWING 1908 SHORE PARKWAY BROOKLYN NY 11214,auction-111925-brooklyn.pdf,18,2011,JEEP,M26JNG,NJ,1JRR6GT0BC721334,BMW BANK OF NORTH AMERICA
"November 19, 2025",FREDRICK MCKEITHAN,BREEN BROTHERS TOWING 1908 SHORE PARKWAY BROOKLYN NY 11214,auction-111925-brooklyn.pdf,21,2020,HONDA,KYK1215,NY,1HGCV1F32LA009241,SANTANDER;CONSUMER
"November 19, 2025",FREDRICK MCKEITHAN,BREEN BROTHERS TOWING 1908 SHORE PARKWAY BROOKLYN NY 11214,auction-111925-brooklyn.pdf,22,2019,NISSA,V77UGR,NJ,3N1AB7AP6KY305887,CAPITAL ONE FSB
"November 19, 2025",FREDRICK MCKEITHAN,BREEN BROTHERS TOWING 1908 SHORE PARKWAY BROOKLYN NY 11214,auction-111925-brooklyn.pdf,23,2023,KIA,LVJ3227,NY,KNDNB4H30P6198107,SANTANDER;CONSUMER
"November 19, 2025",FREDRICK MCKEITHAN,BREEN BROTHERS TOWING 1908 SHORE PARKWAY BROOKLYN NY 11214,auction-111925-brooklyn.pdf,30,2012,AUDI,PXB5664,TX,WAUBFAFL2CN005994,"TOYOTA MOTOR CREDIT CORP The Department of Finance, the New York City Marshal and the Office of the Sheriff make no warranty, expressed or implied, as to the year of any vehicle or any vehicle’s quality or state of repair. Successful purchasers are encouraged to have the vehicle inspected for safety before use including but not limited to manufacturers recall and repair notices. Vehicle safety recall information may be researched at https://vinrcl.safercar.gov/vin/. The National Highway Traffic Safety Administration (NHTSA) site lets you enter a Vehicle Identification Number (VIN) to learn if a specific vehicle has not been repaired as part of a safety recall in the last 15 years. MARSHAL’S EXECUTION SALE PUBLIC SALE AUCTION FOR MARSHAL Marshal Linda C. Swift OFFICE OF CITY SHERIFF"
"November 19, 2025",FREDRICK MCKEITHAN,BREEN BROTHERS TOWING 1908 SHORE PARKWAY BROOKLYN NY 11214,auction-111925-brooklyn.pdf,32,2001,FORD,GZN1866,TX,1FMRU17L31LA87311,IRVING AUTO SALES
"November 19, 2025",FREDRICK MCKEITHAN,BREEN BROTHERS TOWING 1908 SHORE PARKWAY BROOKLYN NY 11214,auction-111925-brooklyn.pdf,33,2020,NISSA,LNJ1156,NY,JN1BJ1CWXLW369741,ALLY;FINANCIAL
"November 19, 2025",FREDRICK MCKEITHAN,BREEN BROTHERS TOWING 1908 SHORE PARKWAY BROOKLYN NY 11214,auction-111925-brooklyn.pdf,36,2020,NISSA,LVC3368,NY,1N4BL4BV9LC135227,WESTLAKE;FINANCIAL
"November 19, 2025",FREDRICK MCKEITHAN,BREEN BROTHERS TOWING 1908 SHORE PARKWAY BROOKLYN NY 11214,auction-111925-brooklyn.pdf,37,2016,NISSA,LDD6887,NY,5N1AT2MV3GC760148,SANTANDER CONSUMER USA INC
"November 19, 2025",FREDRICK MCKEITHAN,BREEN BROTHERS TOWING 1908 SHORE PARKWAY BROOKLYN NY 11214,auction-111925-brooklyn.pdf,43,2019,DODGE,P63VMT,NJ,1C4RDJDGXKC795519,BANK OF AMERICA
"November 19, 2025",FREDRICK MCKEITHAN,BREEN BROTHERS TOWING 1908 SHORE PARKWAY BROOKLYN NY 11214,auction-111925-brooklyn.pdf,47,2016,BMW,KUP6902,NY,5UXKR0C52G0S90370,ALLY;FINANCIAL
"November 19, 2025",FREDRICK MCKEITHAN,BREEN BROTHERS TOWING 1908 SHORE PARKWAY BROOKLYN NY 11214,auction-111925-brooklyn.pdf,51,2019,TOYOT,LZC5419,PA,5TDJZRFH9KS584779,TOYOTA MOTOR CREDIT CORP
"November 19, 2025",FREDRICK MCKEITHAN,BREEN BROTHERS TOWING 1908 SHORE PARKWAY BROOKLYN NY 11214,auction-111925-brooklyn.pdf,53,2018,BMW,9NVM349,CA,5UXKT0C56J0W02800,ALLY FINANCIAL INC
"November 19, 2025",FREDRICK MCKEITHAN,BREEN BROTHERS TOWING 1908 SHORE PARKWAY BROOKLYN NY 11214,auction-111925-brooklyn.pdf,56,2017,NISSA,LUD4924,NY,JN8AT2MVXHW004227,CAPITAL;ONE;AUTO
"November 19, 2025",FREDRICK MCKEITHAN,BREEN BROTHERS TOWING 1908 SHORE PARKWAY BROOKLYN NY 11214,auction-111925-brooklyn.pdf,60,1996,ME/BE,KTL1741,NY,WDBHA22E5TF468469,"The Department of Finance, the New York City Marshal and the Office of the Sheriff make no warranty, expressed or implied, as to the year of any vehicle or any vehicle’s quality or state of repair. Successful purchasers are encouraged to have the vehicle inspected for safety before use including but not limited to manufacturers recall and repair notices. Vehicle safety recall information may be researched at https://vinrcl.safercar.gov/vin/. The National Highway Traffic Safety Administration (NHTSA) site lets you enter a Vehicle Identification Number (VIN) to learn if a specific vehicle has not been repaired as part of a safety recall in the last 15 years."
"November 19,
2025",Courtney Morris,"LEGACY TOWING 131-01 39TH AVE FLUSHING, N.Y. 11354 the",auction-111925-queens.pdf,1,2023,HYUNDAI,T808148C,NY,5NMS3DA15PH017868,HYUNDAI;MOTOR
"November 19,
2025",Courtney Morris,"LEGACY TOWING 131-01 39TH AVE FLUSHING, N.Y. 11354 the",auction-111925-queens.pdf,2,2021,HYUNDAI,BP33033,CT,KM8J3CA48MU393402,CREDIT ACCEPTANCE CORP
"November 19,
2025",Courtney Morris,"LEGACY TOWING 131-01 39TH AVE FLUSHING, N.Y. 11354 the",auction-111925-queens.pdf,4,2020,HONDA,LHF3064,NY,1HGCV1F12LA017466,AMERICAN;HONDA;FINANCE;CORP
"November 19,
2025",Courtney Morris,"LEGACY TOWING 131-01 39TH AVE FLUSHING, N.Y. 11354 the",auction-111925-queens.pdf,5,2025,CHEVROLET,LRB1397,NY,KL77LKEP3SC110482,NAVY;FEDERALCREDIT;UNION;
"November 19,
2025",Courtney Morris,"LEGACY TOWING 131-01 39TH AVE FLUSHING, N.Y. 11354 the",auction-111925-queens.pdf,6,2019,NISSAN,TDF3725,VA,3N1AB7AP6KY325878,CREDIT ACCEPTANCE CORP
"November 19,
2025",Courtney Morris,"LEGACY TOWING 131-01 39TH AVE FLUSHING, N.Y. 11354 the",auction-111925-queens.pdf,7,2019,NISSAN,KXB7372,NY,5N1DR2MM8KC614436,CREDIT;ACCEPTANCE;CORP
"November 19,
2025",Courtney Morris,"LEGACY TOWING 131-01 39TH AVE FLUSHING, N.Y. 11354 the",auction-111925-queens.pdf,8,2011,ME-BE,LEK3557,NY,WDCGG8HBXBF606012,WESTLAKE;FINANCIAL;SERVICES;
"November 19,
2025",Courtney Morris,"LEGACY TOWING 131-01 39TH AVE FLUSHING, N.Y. 11354 the",auction-111925-queens.pdf,10,2023,VOLKSWAGEN,KZK9595,NY,1V2LC2CA6PC204569,VW;CREDIT;INC
"November 19,
2025",Courtney Morris,"LEGACY TOWING 131-01 39TH AVE FLUSHING, N.Y. 11354 the",auction-111925-queens.pdf,12,2018,TOYOTA,AJAAS,NY,4T1B11HK2JU048154,CREDIT;ACCEPTANCE;CORP
"November 19,
2025",Courtney Morris,"LEGACY TOWING 131-01 39TH AVE FLUSHING, N.Y. 11354 the",auction-111925-queens.pdf,13,2019,JEEP,LEB6867,NY,1C4HJXEG9KW529204,WELLS FARGO AUTO
"November 19,
2025",Courtney Morris,"LEGACY TOWING 131-01 39TH AVE FLUSHING, N.Y. 11354 the",auction-111925-queens.pdf,16,2014,FORD,LPZ7829,NY,1FM5K8GT9EGA00670,WESTLAKE;FINANCIAL SERIVCES
"November 19,
2025",Courtney Morris,"LEGACY TOWING 131-01 39TH AVE FLUSHING, N.Y. 11354 the",auction-111925-queens.pdf,17,2017,FORD,LRX4398,NY,1FM5K8GT4HGA06204,WELLS FARGO AUTO
"November 19,
2025",Courtney Morris,"LEGACY TOWING 131-01 39TH AVE FLUSHING, N.Y. 11354 the",auction-111925-queens.pdf,18,2014,CHEVROLET,KT949B,FL,2GNFLGEK1E6369072,TIP TOP CAR DEALER
"November 19,
2025",Courtney Morris,"LEGACY TOWING 131-01 39TH AVE FLUSHING, N.Y. 11354 the",auction-111925-queens.pdf,19,2019,NISSAN,KZL6580,NY,3N1AB7APXKY375442,WELLS FARGO AUTO
"November 19,
2025",Courtney Morris,"LEGACY TOWING 131-01 39TH AVE FLUSHING, N.Y. 11354 the",auction-111925-queens.pdf,22,2016,NISSAN,WRF6041,VA,5N1AR2MM0GC622783,ALLY FINANCIAL
"November 19,
2025",Courtney Morris,"LEGACY TOWING 131-01 39TH AVE FLUSHING, N.Y. 11354 the",auction-111925-queens.pdf,23,2013,HONDA,MZZ4389,TX,5J6TF2H51DL001762,SANTANDER CONSUMER USA INC.
"November 19,
2025",Courtney Morris,"LEGACY TOWING 131-01 39TH AVE FLUSHING, N.Y. 11354 the",auction-111925-queens.pdf,25,2019,ME-BE,LBE4335,NY,WDDSJ4GBXKN764843,ALLY;FINANCIAL
"November 19,
2025",Courtney Morris,"LEGACY TOWING 131-01 39TH AVE FLUSHING, N.Y. 11354 the",auction-111925-queens.pdf,26,2023,HYUNDAI,LRA6659,NY,KMHL34JJ3PA066268,CAPITAL;ONE;AUTO;FINANCE;
"November 19,
2025",Courtney Morris,"LEGACY TOWING 131-01 39TH AVE FLUSHING, N.Y. 11354 the",auction-111925-queens.pdf,27,2015,MINI,L61RNX,NJ,WMWSS1C52FWN94867,CAPITAL ONE AUTO FINANCE
"November 19,
2025",Courtney Morris,"LEGACY TOWING 131-01 39TH AVE FLUSHING, N.Y. 11354 the",auction-111925-queens.pdf,30,2013,NISSAN,HGZ7539,NY,1N4AL3AP2DC191858,"The Department of Finance, the New York City Marshal and the Office of the Sheriff make no warranty, expressed or implied, as to the year of any vehicle or any vehicle’s quality or state of repair. Successful purchasers are encouraged to have the vehicle inspected for safety before use including but not limited to manufacturers recall and repair notices. Vehicle safety recall information may be researched at https://vinrcl.safercar.gov/vin/. The National Highway Traffic Safety Administration (NHTSA) site lets you enter a Vehicle Identification Number (VIN) to learn if a specific vehicle has not been repaired as part of a safety recall in the last 15 years. MARSHAL’S EXECUTION SALE PUBLIC SALE AUCTION FOR Marshal Richard A. Capuano OFFICE OF CITY SHERIFF"
"November 19,
2025",Courtney Morris,"LEGACY TOWING 131-01 39TH AVE FLUSHING, N.Y. 11354 the",auction-111925-queens.pdf,37,2019,JEEP,LVN2079,NY,1C4RJFCG9KC620959,SANTANDER;CONSUMER
"November 19,
2025",Courtney Morris,"LEGACY TOWING 131-01 39TH AVE FLUSHING, N.Y. 11354 the",auction-111925-queens.pdf,39,2015,NISSAN,T110295C,NY,3N8CM0JT9FK719067,NISSAN;MOTOR
"November 19,
2025",Courtney Morris,"LEGACY TOWING 131-01 39TH AVE FLUSHING, N.Y. 11354 the",auction-111925-queens.pdf,50,2020,KIA,GS6735,DC,3KPF24AD8LE261451,CARMAX BUSINESS SERVICES LLC
"November 19,
2025",Courtney Morris,"LEGACY TOWING 131-01 39TH AVE FLUSHING, N.Y. 11354 the",auction-111925-queens.pdf,54,2012,FORD,KSR7833,NY,2FMDK4KC0CBA56965,WESTLAKE;FINANCIAL;SERVICES
"November 19,
2025",Courtney Morris,"LEGACY TOWING 131-01 39TH AVE FLUSHING, N.Y. 11354 the",auction-111925-queens.pdf,58,2025,CHEVROLET,HFY5807,NY,KL77LKEPXSC286834,GLOBAL;LENDING;SVCS
"November 19,
2025",Courtney Morris,"LEGACY TOWING 131-01 39TH AVE FLUSHING, N.Y. 11354 the",auction-111925-queens.pdf,60,2008,HONDA,HXZ7715,NY,JHLRE483X8C005041,"The Department of Finance, the New York City Marshal and the Office of the Sheriff make no warranty, expressed or implied, as to the year of any vehicle or any vehicle’s quality or state of repair. Successful purchasers are encouraged to have the vehicle inspected for safety before use including but not limited to manufacturers recall and repair notices. Vehicle safety recall information may be researched at https://vinrcl.safercar.gov/vin/. The National Highway Traffic Safety Administration (NHTSA) site lets you enter a Vehicle Identification Number (VIN) to learn if a specific vehicle has not been repaired as part of a safety recall in the last 15 years. MARSHAL’S EXECUTION SALE PUBLIC SALE AUCTION FOR Marshal Richard A. Capuano OFFICE OF CITY SHERIFF"
"November 19,
2025",Courtney Morris,"LEGACY TOWING 131-01 39TH AVE FLUSHING, N.Y. 11354 the",auction-111925-queens.pdf,61,2016,BUICK,KUH7329,NY,2G4GS5GX4G9191300,CARVANA LLC
"November 19,
2025",Courtney Morris,"LEGACY TOWING 131-01 39TH AVE FLUSHING, N.Y. 11354 the",auction-111925-queens.pdf,62,2019,VOLKSWAGEN,LJP8882,NY,3VWC57BU3KM154058,VW;CREDIT;INC
"November 19,
2025",Courtney Morris,"LEGACY TOWING 131-01 39TH AVE FLUSHING, N.Y. 11354 the",auction-111925-queens.pdf,63,2020,NISSAN,LGC6571,NY,1N4BL4DW4LC225312,WESTLAKE;FINANCIAL;SERVICES
"November 19,
2025",Courtney Morris,"LEGACY TOWING 131-01 39TH AVE FLUSHING, N.Y. 11354 the",auction-111925-queens.pdf,67,2013,NISSAN,JNL6759,NY,JN8AS5MV3DW130492,"The Department of Finance, the New York City Marshal and the Office of the Sheriff make no warranty, expressed or implied, as to the year of any vehicle or any vehicle’s quality or state of repair. Successful purchasers are encouraged to have the vehicle inspected for safety before use including but not limited to manufacturers recall and repair notices. Vehicle safety recall information may be researched at https://vinrcl.safercar.gov/vin/. The National Highway Traffic Safety Administration (NHTSA) site lets you enter a Vehicle Identification Number (VIN) to learn if a specific vehicle has not been repaired as part of a safety recall in the last 15 years."
"November 20, 2025",ARTHUR VIGAR,"FIVE J'S 4825 BALDWIN STREET BRONX, N.Y. 10470",auction-112025-bronx.pdf,1,2019,KIA,WJS5457,TX,5XYPGDA36KG570866,BRIDGECREST ACCEPTANCE CORP.
"November 20, 2025",ARTHUR VIGAR,"FIVE J'S 4825 BALDWIN STREET BRONX, N.Y. 10470",auction-112025-bronx.pdf,2,2015,LAND,S60SMF,NJ,SALAK2V64FA765442,SANTANDER CONSUMER USA INC.
"November 20, 2025",ARTHUR VIGAR,"FIVE J'S 4825 BALDWIN STREET BRONX, N.Y. 10470",auction-112025-bronx.pdf,4,2012,HYUND,LBN2742,NY,5XYZG3AB2CG104220,HYUNDAI;MOTOR
"November 20, 2025",ARTHUR VIGAR,"FIVE J'S 4825 BALDWIN STREET BRONX, N.Y. 10470",auction-112025-bronx.pdf,5,2013,TOYOT,JPD8343,NY,4T4BF1FK3DR322444,TOYOTA;MOTOR;CREDIT
"November 20, 2025",ARTHUR VIGAR,"FIVE J'S 4825 BALDWIN STREET BRONX, N.Y. 10470",auction-112025-bronx.pdf,9,2018,NISSA,LWA1318,NY,3N1CP5CU7JL523446,CARVANA LLC
"November 20, 2025",ARTHUR VIGAR,"FIVE J'S 4825 BALDWIN STREET BRONX, N.Y. 10470",auction-112025-bronx.pdf,11,2019,DODGE,W65UHG,NJ,2C4RDGCG4KR565146,CREDIT ACCEPTANCE CORP.
"November 20, 2025",ARTHUR VIGAR,"FIVE J'S 4825 BALDWIN STREET BRONX, N.Y. 10470",auction-112025-bronx.pdf,14,2016,NISSA,2PCN45,MA,5N1AT2MV5GC838722,ALLY FINANCIAL
"November 20, 2025",ARTHUR VIGAR,"FIVE J'S 4825 BALDWIN STREET BRONX, N.Y. 10470",auction-112025-bronx.pdf,15,2014,BUICK,MKG8319,PA,KL4CJBSB9EB689031,GLOBAL LENDING SERVICES LLC
"November 20, 2025",ARTHUR VIGAR,"FIVE J'S 4825 BALDWIN STREET BRONX, N.Y. 10470",auction-112025-bronx.pdf,17,2019,DODGE,TSB2842,VA,3C4PDCGG0KT859618,CONSUMER PORTFOLIO SERVICES
"November 20, 2025",ARTHUR VIGAR,"FIVE J'S 4825 BALDWIN STREET BRONX, N.Y. 10470",auction-112025-bronx.pdf,26,2013,DODGE,LZW2332,NY,1C4SDHCT9DC592875,WESTLAKE;FINANCIAL
"November 20, 2025",ARTHUR VIGAR,"FIVE J'S 4825 BALDWIN STREET BRONX, N.Y. 10470",auction-112025-bronx.pdf,30,2013,ME,KMB7098,NY,WDDNG9EB8DA536667,"The Department of Finance, the New York City Marshal and the Office of the Sheriff make no warranty, expressed or implied, as to the year of any vehicle or any vehicle’s quality or state of repair. Successful purchasers are encouraged to have the vehicle inspected for safety before use including but not limited to manufacturers recall and repair notices. Vehicle safety recall information may be researched at https://vinrcl.safercar.gov/vin/. The National Highway Traffic Safety Administration (NHTSA) site lets you enter a Vehicle Identification Number (VIN) to learn if a specific vehicle has not been repaired as part of a safety recall in the last 15 years. MARSHAL’S EXECUTION SALE PUBLIC SALE AUCTION FOR MARSHAL MARTIN A. BIENSTOCK OFFICE OF CITY SHERIFF"
"November 20, 2025",ARTHUR VIGAR,"FIVE J'S 4825 BALDWIN STREET BRONX, N.Y. 10470",auction-112025-bronx.pdf,33,2017,HONDA,JMG6049,NY,1HGCR2F10HA098503,ONEMAIN FINANCIAL
"November 20, 2025",ARTHUR VIGAR,"FIVE J'S 4825 BALDWIN STREET BRONX, N.Y. 10470",auction-112025-bronx.pdf,34,2016,JEEP,JME4032,NY,1C4PJMJS6GW314973,US;BANK;NA
"November 20, 2025",ARTHUR VIGAR,"FIVE J'S 4825 BALDWIN STREET BRONX, N.Y. 10470",auction-112025-bronx.pdf,43,2024,ME,LUH9966,NY,W1KAF4HB9RR183820,COLLATERAL TITLE CO
"November 20, 2025",ARTHUR VIGAR,"FIVE J'S 4825 BALDWIN STREET BRONX, N.Y. 10470",auction-112025-bronx.pdf,45,2019,NISSA,KMD2961,NY,KNMAT2MV0KP523395,SANTANDER;CONSUMER
"November 20, 2025",ARTHUR VIGAR,"FIVE J'S 4825 BALDWIN STREET BRONX, N.Y. 10470",auction-112025-bronx.pdf,46,2018,VOLKS,LNB1124,NY,1V2KR2CA4JC508324,"The Department of Finance, the New York City Marshal and the Office of the Sheriff make no warranty, expressed or implied, as to the year of any vehicle or any vehicle’s quality or state of repair. Successful purchasers are encouraged to have the vehicle inspected for safety before use including but not limited to manufacturers recall and repair notices. Vehicle safety recall information may be researched at https://vinrcl.safercar.gov/vin/. The National Highway Traffic Safety Administration (NHTSA) site lets you enter a Vehicle Identification Number (VIN) to learn if a specific vehicle has not been repaired as part of a safety recall in the last 15 years."
"November 20, 2025",COURTNEY MORRIS,"5 J'S TOWING 62-02 BEACH CHANNEL DRIVE ARVERNE, NY 11692",auction-112025-queens.pdf,2,2017,NISSAN,LMG6570,PA,1N4AL3APXHC276873,CARVANA LLC
"November 20, 2025",COURTNEY MORRIS,"5 J'S TOWING 62-02 BEACH CHANNEL DRIVE ARVERNE, NY 11692",auction-112025-queens.pdf,3,2018,NISSAN,LRX5051,NY,JN8AT2MV7JW315278,NISSAN;MOTOR
"November 20, 2025",COURTNEY MORRIS,"5 J'S TOWING 62-02 BEACH CHANNEL DRIVE ARVERNE, NY 11692",auction-112025-queens.pdf,4,2017,NISSAN,LUE5031,NY,1N4AL3AP4HN358828,CREDIT;ACCEPTANCE
"November 20, 2025",COURTNEY MORRIS,"5 J'S TOWING 62-02 BEACH CHANNEL DRIVE ARVERNE, NY 11692",auction-112025-queens.pdf,5,2017,HYUNDAI,LPW1122,NY,5NPD84LF5HH134194,EXETER FINANCE
"November 20, 2025",COURTNEY MORRIS,"5 J'S TOWING 62-02 BEACH CHANNEL DRIVE ARVERNE, NY 11692",auction-112025-queens.pdf,6,2022,HYUNDAI,LVV1739,NY,KMHL44J29NA213034,AMERICREDIT;
"November 20, 2025",COURTNEY MORRIS,"5 J'S TOWING 62-02 BEACH CHANNEL DRIVE ARVERNE, NY 11692",auction-112025-queens.pdf,7,2024,HONDA,MMG3439,PA,1HGCY1F32RA052896,JPMORGAN CHASE BANK NA
"November 20, 2025",COURTNEY MORRIS,"5 J'S TOWING 62-02 BEACH CHANNEL DRIVE ARVERNE, NY 11692",auction-112025-queens.pdf,8,2015,ME/BE,LVT6722,NY,55SWF4KB8FU064617,CLOVER;COMMERCIAL
"November 20, 2025",COURTNEY MORRIS,"5 J'S TOWING 62-02 BEACH CHANNEL DRIVE ARVERNE, NY 11692",auction-112025-queens.pdf,9,2019,NISS,4GJ3160,MD,1N4AA6AVXKC380812,CONSUMER PORTFOLIO SERVICES
"November 20, 2025",COURTNEY MORRIS,"5 J'S TOWING 62-02 BEACH CHANNEL DRIVE ARVERNE, NY 11692",auction-112025-queens.pdf,11,2017,HONDA,KZY6261,NY,2HGFC4B51HH309101,SANTANDER;CONSUMER
"November 20, 2025",COURTNEY MORRIS,"5 J'S TOWING 62-02 BEACH CHANNEL DRIVE ARVERNE, NY 11692",auction-112025-queens.pdf,12,2021,JEEP,LPW5838,NY,1C4RJFCT2MC592308,NAVY FCU
"November 20, 2025",COURTNEY MORRIS,"5 J'S TOWING 62-02 BEACH CHANNEL DRIVE ARVERNE, NY 11692",auction-112025-queens.pdf,13,2023,RAM,TL9625,NC,1C6SRFU96PN665497,ALLY FINANCIAL
"November 20, 2025",COURTNEY MORRIS,"5 J'S TOWING 62-02 BEACH CHANNEL DRIVE ARVERNE, NY 11692",auction-112025-queens.pdf,14,2015,TOYOT,RZGM25,FL,2T1BURHE9FC353711,"AUTOMAX OF PA, INC/HOLLYWOOD"
"November 20, 2025",COURTNEY MORRIS,"5 J'S TOWING 62-02 BEACH CHANNEL DRIVE ARVERNE, NY 11692",auction-112025-queens.pdf,21,2021,NISSA,LVJ9870,NY,5N1AT3CB9MC795396,CAPITAL;ONE;AUTO
"November 20, 2025",COURTNEY MORRIS,"5 J'S TOWING 62-02 BEACH CHANNEL DRIVE ARVERNE, NY 11692",auction-112025-queens.pdf,22,2019,ROVER,MDV5482,PA,SALYB2EX4KA794439,TRUIST BANK
"November 20, 2025",COURTNEY MORRIS,"5 J'S TOWING 62-02 BEACH CHANNEL DRIVE ARVERNE, NY 11692",auction-112025-queens.pdf,24,1984,ME,R92RPF,NJ,WDBBA45A4EA015177,TILDEN OF NEW JERSEY
"November 20, 2025",COURTNEY MORRIS,"5 J'S TOWING 62-02 BEACH CHANNEL DRIVE ARVERNE, NY 11692",auction-112025-queens.pdf,26,2017,NISSA,08DFGR,FL,KNMAT2MV9HP549115,WESTLAKE FINANCIAL SERVICES
"November 20, 2025",COURTNEY MORRIS,"5 J'S TOWING 62-02 BEACH CHANNEL DRIVE ARVERNE, NY 11692",auction-112025-queens.pdf,27,2012,CHEVR,MWM3431,PA,2GNFLEEK0C6233758,CREDIT ACCEPTANCE CORP
"November 20, 2025",COURTNEY MORRIS,"5 J'S TOWING 62-02 BEACH CHANNEL DRIVE ARVERNE, NY 11692",auction-112025-queens.pdf,30,2005,NISSA,HAM1726,NY,5N1AA08B65N722621,"The Department of Finance, the New York City Marshal and the Office of the Sheriff make no warranty, expressed or implied, as to the year of any vehicle or any vehicle’s quality or state of repair. Successful purchasers are encouraged to have the vehicle inspected for safety before use including but not limited to manufacturers recall and repair notices. Vehicle safety recall information may be researched at https://vinrcl.safercar.gov/vin/. The National Highway Traffic Safety Administration (NHTSA) site lets you enter a Vehicle Identification Number (VIN) to learn if a specific vehicle has not been repaired as part of a safety recall in the last 15 years. MARSHAL’S EXECUTION SALE PUBLIC SALE AUCTION FOR MARSHAL MATTHEW G. REGAN OFFICE OF CITY SHERIFF"
"November 20, 2025",COURTNEY MORRIS,"5 J'S TOWING 62-02 BEACH CHANNEL DRIVE ARVERNE, NY 11692",auction-112025-queens.pdf,31,2020,HYUND,LGY1326,NY,5NPD84LF4LH592236,WESTLAKE;FINANCIAL
"November 20, 2025",COURTNEY MORRIS,"5 J'S TOWING 62-02 BEACH CHANNEL DRIVE ARVERNE, NY 11692",auction-112025-queens.pdf,34,2024,NISSA,LZA5718,NY,1N4BL4DV5RN307439,LENDBUZZ FUNDING LLC
"November 20, 2025",COURTNEY MORRIS,"5 J'S TOWING 62-02 BEACH CHANNEL DRIVE ARVERNE, NY 11692",auction-112025-queens.pdf,36,2015,FRUEH,XMXW89,NJ,3ALACWDT3FDGU3873,KEYSTONE EQUIP FINANCE CORP
"November 20, 2025",COURTNEY MORRIS,"5 J'S TOWING 62-02 BEACH CHANNEL DRIVE ARVERNE, NY 11692",auction-112025-queens.pdf,40,2021,NISSA,158BSP,SC,3N1AB8CV0MY323516,LENDBUZZ FUNDING LLC
"November 20, 2025",COURTNEY MORRIS,"5 J'S TOWING 62-02 BEACH CHANNEL DRIVE ARVERNE, NY 11692",auction-112025-queens.pdf,44,2021,INFIN,LZJ1196,NY,JN1EV7BR4MM751857,SANTANDER;CONSUMER
"November 20, 2025",COURTNEY MORRIS,"5 J'S TOWING 62-02 BEACH CHANNEL DRIVE ARVERNE, NY 11692",auction-112025-queens.pdf,46,2017,JEEP,KSZ8089,NY,1C4RJFAG9HC909383,CAPITAL;ONE;AUTO
"November 20, 2025",COURTNEY MORRIS,"5 J'S TOWING 62-02 BEACH CHANNEL DRIVE ARVERNE, NY 11692",auction-112025-queens.pdf,47,2016,AUDI,LVD4278,NY,WAUB8GFF5G1039075,ALLY;FINANCIAL
"November 20, 2025",COURTNEY MORRIS,"5 J'S TOWING 62-02 BEACH CHANNEL DRIVE ARVERNE, NY 11692",auction-112025-queens.pdf,49,2021,BMW,LTX6582,NY,WBA13BJ0XMCF66340,SANTANDER;CONSUMER
"November 20, 2025",COURTNEY MORRIS,"5 J'S TOWING 62-02 BEACH CHANNEL DRIVE ARVERNE, NY 11692",auction-112025-queens.pdf,50,2008,INFIN,LLW6513,NY,JNKBV61F68M276962,"The Department of Finance, the New York City Marshal and the Office of the Sheriff make no warranty, expressed or implied, as to the year of any vehicle or any vehicle’s quality or state of repair. Successful purchasers are encouraged to have the vehicle inspected for safety before use including but not limited to manufacturers recall and repair notices. Vehicle safety recall information may be researched at https://vinrcl.safercar.gov/vin/. The National Highway Traffic Safety Administration (NHTSA) site lets you enter a Vehicle Identification Number (VIN) to learn if a specific vehicle has not been repaired as part of a safety recall in the last 15 years."
"November 21, 2025",ARTHUR VIGAR,BREEN BROS TOWING INC 1908 SHORE PARKWAY BROOKLYN NY 11214,auction-112125-brooklyn.pdf,2,2019,JEEP,STY832,SC,3C4NJDCB3KT627482,AFFINITY FEDERAL CREDIT UNION
"November 21, 2025",ARTHUR VIGAR,BREEN BROS TOWING INC 1908 SHORE PARKWAY BROOKLYN NY 11214,auction-112125-brooklyn.pdf,3,2014,FORD,LJC4945,NY,3FA6P0H94ER250329,CAPITAL;ONE;AUTO;FINANCE
"November 21, 2025",ARTHUR VIGAR,BREEN BROS TOWING INC 1908 SHORE PARKWAY BROOKLYN NY 11214,auction-112125-brooklyn.pdf,4,1997,DODGE,LZJ8873,PA,1B4GP44R3VB470395,DC;FIN;SVCS;AMER
"November 21, 2025",ARTHUR VIGAR,BREEN BROS TOWING INC 1908 SHORE PARKWAY BROOKLYN NY 11214,auction-112125-brooklyn.pdf,5,2016,BMW,DCD1219,GA,5UXKR0C57G0P28137,GEORGIA AUTO PAWN
"November 21, 2025",ARTHUR VIGAR,BREEN BROS TOWING INC 1908 SHORE PARKWAY BROOKLYN NY 11214,auction-112125-brooklyn.pdf,6,2017,RAM,D14KPT,NJ,3C6JR6DT4HG728372,LENDING CLUB CORP
"November 21, 2025",ARTHUR VIGAR,BREEN BROS TOWING INC 1908 SHORE PARKWAY BROOKLYN NY 11214,auction-112125-brooklyn.pdf,7,2011,DODGE,LBB6927,NY,1D4RE4GG6BC734147,WESTERN FUNDING INC
"November 21, 2025",ARTHUR VIGAR,BREEN BROS TOWING INC 1908 SHORE PARKWAY BROOKLYN NY 11214,auction-112125-brooklyn.pdf,8,2018,TOYOTA,4WBV67,MA,5TDJZRFH5JS845551,TOYOTA;MOTOR;CREDIT;CORP
"November 21, 2025",ARTHUR VIGAR,BREEN BROS TOWING INC 1908 SHORE PARKWAY BROOKLYN NY 11214,auction-112125-brooklyn.pdf,9,2017,NISSAN,KHA6782,NY,1N4AL3AP0HC193162,AMERICN AIRLINES FCU
"November 21, 2025",ARTHUR VIGAR,BREEN BROS TOWING INC 1908 SHORE PARKWAY BROOKLYN NY 11214,auction-112125-brooklyn.pdf,13,2007,INFINITI,H69JVT,NJ,5N3AA08C27N806146,ONEMAIN FINANCIAL GRP LLC
"November 21, 2025",ARTHUR VIGAR,BREEN BROS TOWING INC 1908 SHORE PARKWAY BROOKLYN NY 11214,auction-112125-brooklyn.pdf,14,2017,FORD,LSF3160,NY,1FM5K8F86HGC74412,RELIANCE MOTOR CREDIT
"November 21, 2025",ARTHUR VIGAR,BREEN BROS TOWING INC 1908 SHORE PARKWAY BROOKLYN NY 11214,auction-112125-brooklyn.pdf,15,2009,TOYOTA,SDK5588,GA,4T4BE46K79R138023,UNITED AUTO ACCEPTANCE INC.
"November 21, 2025",ARTHUR VIGAR,BREEN BROS TOWING INC 1908 SHORE PARKWAY BROOKLYN NY 11214,auction-112125-brooklyn.pdf,16,2006,CHRYSLER,269308,DE,2C3KA53G26H407631,CREDIT ACCEPTANCE CORPORATION
"November 21, 2025",ARTHUR VIGAR,BREEN BROS TOWING INC 1908 SHORE PARKWAY BROOKLYN NY 11214,auction-112125-brooklyn.pdf,19,2010,JEEP,1CI965,RI,1J4BA3H1XAL169313,HUGHS FEDERAL CREDIT UNION
"November 21, 2025",ARTHUR VIGAR,BREEN BROS TOWING INC 1908 SHORE PARKWAY BROOKLYN NY 11214,auction-112125-brooklyn.pdf,30,2005,CHEVY,LWE8831,NY,1GCFG15X951228064,"The Department of Finance, the New York City Marshal and the Office of the Sheriff make no warranty, expressed or implied, as to the year of any vehicle or any vehicle’s quality or state of repair. Successful purchasers are encouraged to have the vehicle inspected for safety before use including but not limited to manufacturers recall and repair notices. Vehicle safety recall information may be researched at https://vinrcl.safercar.gov/vin/. The National Highway Traffic Safety Administration (NHTSA) site lets you enter a Vehicle Identification Number (VIN) to learn if a specific vehicle has not been repaired as part of a safety recall in the last 15 years. MARSHAL’S EXECUTION SALE PUBLIC SALE AUCTION FOR MARSHAL HOWARD J. SCHAIN OFFICE OF CITY SHERIFF"
"November 21, 2025",ARTHUR VIGAR,BREEN BROS TOWING INC 1908 SHORE PARKWAY BROOKLYN NY 11214,auction-112125-brooklyn.pdf,31,2015,JEEP,LUS1327,NY,1C4NJDEB4FD217217,CHRYSLER;CAPITAL
"November 21, 2025",ARTHUR VIGAR,BREEN BROS TOWING INC 1908 SHORE PARKWAY BROOKLYN NY 11214,auction-112125-brooklyn.pdf,43,2013,BMW,Y246VC,FL,WBAXG5C51DD230673,HUGHES FEDERAL CREDIT UNION
"November 21, 2025",ARTHUR VIGAR,BREEN BROS TOWING INC 1908 SHORE PARKWAY BROOKLYN NY 11214,auction-112125-brooklyn.pdf,44,2007,ACURA,LHB1852,NY,2HNYD28427H507461,CREDIT;ACCEPTANCE;CORP
"November 21, 2025",ARTHUR VIGAR,BREEN BROS TOWING INC 1908 SHORE PARKWAY BROOKLYN NY 11214,auction-112125-brooklyn.pdf,45,2016,DODGE,MY7574,WI,1C6RR7MT4GS159121,TD;AUTO;FINANCE;LLC
"November 21, 2025",ARTHUR VIGAR,BREEN BROS TOWING INC 1908 SHORE PARKWAY BROOKLYN NY 11214,auction-112125-brooklyn.pdf,60,2013,HONDA,A80SWN,NJ,2HKRM4H39DH677784,"The Department of Finance, the New York City Marshal and the Office of the Sheriff make no warranty, expressed or implied, as to the year of any vehicle or any vehicle’s quality or state of repair. Successful purchasers are encouraged to have the vehicle inspected for safety before use including but not limited to manufacturers recall and repair notices. Vehicle safety recall information may be researched at https://vinrcl.safercar.gov/vin/. The National Highway Traffic Safety Administration (NHTSA) site lets you enter a Vehicle Identification Number (VIN) to learn if a specific vehicle has not been repaired as part of a safety recall in the last 15 years."
"November 21, 2025",Rafael Lopez,"5J's Automotive 62-02 Beach Channel Drive Arverne, New York",auction-112125-queens.pdf,1,2013,VOLVO,KWN4402,NY,YV1672MC3DJ141029,DIGITAL;FEDERAL CREDIT UNION
"November 21, 2025",Rafael Lopez,"5J's Automotive 62-02 Beach Channel Drive Arverne, New York",auction-112125-queens.pdf,2,2018,HYUNDAI,LCE7547,NY,KM8J33A42JU656060,WELLS FARGO AUTO
"November 21, 2025",Rafael Lopez,"5J's Automotive 62-02 Beach Channel Drive Arverne, New York",auction-112125-queens.pdf,3,2021,AUDI,AZ12728,CT,WA1AWBF18MD031794,AUDI FINANCIAL SERVICES
"November 21, 2025",Rafael Lopez,"5J's Automotive 62-02 Beach Channel Drive Arverne, New York",auction-112125-queens.pdf,4,2017,BMW,TZS3436,VA,5UXKR0C57H0V66687,SANTANDER CONSUMER USA SANTANDER CONSUMER USA INC
"November 21, 2025",Rafael Lopez,"5J's Automotive 62-02 Beach Channel Drive Arverne, New York",auction-112125-queens.pdf,5,2019,JEEP,G94VKC,NJ,3C4NJDAB6KT703313,ALLY FINANCIAL
"November 21, 2025",Rafael Lopez,"5J's Automotive 62-02 Beach Channel Drive Arverne, New York",auction-112125-queens.pdf,6,2018,NISSAN,KUP9060,NY,3N1AB7AP8JY249093,ALLY FINANCIAL
"November 21, 2025",Rafael Lopez,"5J's Automotive 62-02 Beach Channel Drive Arverne, New York",auction-112125-queens.pdf,7,2017,NISSAN,LLA7497,NY,5N1AZ2MG2HN127985,CREDIT;ACCEPTANCE CORP
"November 21, 2025",Rafael Lopez,"5J's Automotive 62-02 Beach Channel Drive Arverne, New York",auction-112125-queens.pdf,8,2015,INFIN,KLV5971,NY,JN1BV7AR7FM423808,CREDIT;ACCEPTANCE CORP
"November 21, 2025",Rafael Lopez,"5J's Automotive 62-02 Beach Channel Drive Arverne, New York",auction-112125-queens.pdf,9,2018,BMW,LSF7308,NY,5UXKU2C54J0X49593,CPS;INC
"November 21, 2025",Rafael Lopez,"5J's Automotive 62-02 Beach Channel Drive Arverne, New York",auction-112125-queens.pdf,10,2006,JEEP,KPZ2440,OH,1J4GR48K56C259991,DAIMLER CHRYS FIN SVCSAMER LLC
"November 21, 2025",Rafael Lopez,"5J's Automotive 62-02 Beach Channel Drive Arverne, New York",auction-112125-queens.pdf,11,2020,TOYOTA,ARP910,NE,4T1G11AK7LU936689,CAPITAL ONE AUTO FINANCE
"November 21, 2025",Rafael Lopez,"5J's Automotive 62-02 Beach Channel Drive Arverne, New York",auction-112125-queens.pdf,12,2025,NISSAN,LUH2005,NY,5N1DR3AC4SC212608,NISSAN;MOTOR
"November 21, 2025",Rafael Lopez,"5J's Automotive 62-02 Beach Channel Drive Arverne, New York",auction-112125-queens.pdf,13,2015,CHRYS,3AZS66,MA,2C4RC1BG5FR726322,CREDIT ACCEPTANCE CORP
"November 21, 2025",Rafael Lopez,"5J's Automotive 62-02 Beach Channel Drive Arverne, New York",auction-112125-queens.pdf,15,2020,TOYOTA,87ESES,FL,4T1G11AK1LU953844,AMERICAN CREDIT ACCEPTANCE LLC
"November 21, 2025",Rafael Lopez,"5J's Automotive 62-02 Beach Channel Drive Arverne, New York",auction-112125-queens.pdf,18,2017,NISSAN,JLX3040,NC,3N1AB7APXHY388300,CARMAX BUSINESS SERVICES LLC
"November 21, 2025",Rafael Lopez,"5J's Automotive 62-02 Beach Channel Drive Arverne, New York",auction-112125-queens.pdf,28,2008,JEEP,KTG2246,NY,1J8GR48K38C116023,"The Department of Finance, the New York City Marshal and the Office of the Sheriff make no warranty, expressed or implied, as to the year of any vehicle or any vehicle’s quality or state of repair. Successful purchasers are encouraged to have the vehicle inspected for safety before use including but not limited to manufacturers recall and repair notices. Vehicle safety recall information may be researched at https://vinrcl.safercar.gov/vin/. The National Highway Traffic Safety Administration (NHTSA) site lets you enter a Vehicle Identification Number (VIN) to learn if a specific vehicle has not been repaired as part of a safety recall in the last 15 years."
"November 21, 2025",Randy Mark,"Legacy Towing 131-01 39th Ave Flushing, NY 11354",auction-112125-2-queens.pdf,2,2024,HYUNDAI,LSY6405,NY,KM8R24GE8RU708914,ALLY;FINANCIAL
"November 21, 2025",Randy Mark,"Legacy Towing 131-01 39th Ave Flushing, NY 11354",auction-112125-2-queens.pdf,3,2017,HONDA,GWV4017,PA,1HGCR2F50HA192495,CREDIT;ACCEPTANCE CORP
"November 21, 2025",Randy Mark,"Legacy Towing 131-01 39th Ave Flushing, NY 11354",auction-112125-2-queens.pdf,4,2020,KIA,LKG4970,NY,KNDJ23AU5L7718849,AFFINITY PLUS FCU
"November 21, 2025",Randy Mark,"Legacy Towing 131-01 39th Ave Flushing, NY 11354",auction-112125-2-queens.pdf,5,2020,HONDA,LDD6475,NY,2HGFC2F69LH589432,SANTANDER;CONSUMER
"November 21, 2025",Randy Mark,"Legacy Towing 131-01 39th Ave Flushing, NY 11354",auction-112125-2-queens.pdf,6,2019,JEEP,LVR1160,NY,3C4NJDDB9KT765736,SANTANDER;CONSUMER
"November 21, 2025",Randy Mark,"Legacy Towing 131-01 39th Ave Flushing, NY 11354",auction-112125-2-queens.pdf,7,2021,MAZDA,KML9155,NY,JM3KFBCM8M0301856,TOYOTA;MOTOR;CREDIT
"November 21, 2025",Randy Mark,"Legacy Towing 131-01 39th Ave Flushing, NY 11354",auction-112125-2-queens.pdf,8,2015,NISSAN,LTP2808,NY,1N4AL3AP6FC585141,NISSAN;MOTOR
"November 21, 2025",Randy Mark,"Legacy Towing 131-01 39th Ave Flushing, NY 11354",auction-112125-2-queens.pdf,9,2021,KIA,98EXGM,FL,5XXG34J2XMG033850,WIICAR US LLC
"November 21, 2025",Randy Mark,"Legacy Towing 131-01 39th Ave Flushing, NY 11354",auction-112125-2-queens.pdf,11,2019,HYUNDAI,D12RTL,NJ,KM8J2CA43KU073176,CAPITAL ONE AUTO FINANCE
"November 21, 2025",Randy Mark,"Legacy Towing 131-01 39th Ave Flushing, NY 11354",auction-112125-2-queens.pdf,16,2009,SUBARU,2BZD1,UT,JF2SH61649G728370,UTAH COMMUNITY CU
"November 21, 2025",Randy Mark,"Legacy Towing 131-01 39th Ave Flushing, NY 11354",auction-112125-2-queens.pdf,20,2008,HONDA,ET58742,IL,5J6RE48788L021801,WESTLAKE FINANCIAL
"November 21, 2025",Randy Mark,"Legacy Towing 131-01 39th Ave Flushing, NY 11354",auction-112125-2-queens.pdf,23,2000,NISSAN,VCW9545,VA,1N4DL01D1YC140794,CITIZENS;BANK;N;A
"November 21, 2025",Randy Mark,"Legacy Towing 131-01 39th Ave Flushing, NY 11354",auction-112125-2-queens.pdf,26,2014,TOYOTA,T141603C,NY,4T1BF1FKXEU312232,MANUFACTURERS;AND
"November 21, 2025",Randy Mark,"Legacy Towing 131-01 39th Ave Flushing, NY 11354",auction-112125-2-queens.pdf,27,2022,JEEP,KTV5182,NY,3C4NJDBB9NT110080,CHRYSLER;CAPITAL
"November 21, 2025",Randy Mark,"Legacy Towing 131-01 39th Ave Flushing, NY 11354",auction-112125-2-queens.pdf,28,2015,TOYOT,KWT3404,NY,2T3RFREV7FW278882,LENDBUZZ FUNDING LLC
"November 21, 2025",Randy Mark,"Legacy Towing 131-01 39th Ave Flushing, NY 11354",auction-112125-2-queens.pdf,29,2021,NISSAN,LTX7203,NY,5N1AZ2BS5MC137780,LENDBUZZ FUNDING LLC
"November 21, 2025",Randy Mark,"Legacy Towing 131-01 39th Ave Flushing, NY 11354",auction-112125-2-queens.pdf,30,2009,KIA,BS88534,CT,KNDJE723897625451,"The Department of Finance, the New York City Marshal and the Office of the Sheriff make no warranty, expressed or implied, as to the year of any vehicle or any vehicle’s quality or state of repair. Successful purchasers are encouraged to have the vehicle inspected for safety before use including but not limited to manufacturers recall and repair notices. Vehicle safety recall information may be researched at https://vinrcl.safercar.gov/vin/. The National Highway Traffic Safety Administration (NHTSA) site lets you enter a Vehicle Identification Number (VIN) to learn if a specific vehicle has not been repaired as part of a safety recall in the last 15 years. MARSHAL’S EXECUTION SALE PUBLIC SALE AUCTION FOR MARSHAL GARY H. ROSE OFFICE OF CITY SHERIFF"
"November 21, 2025",Randy Mark,"Legacy Towing 131-01 39th Ave Flushing, NY 11354",auction-112125-2-queens.pdf,31,2019,BMW,LWR8036,NY,WBA5R7C5XKAJ81033,TD BANK NA
"November 21, 2025",Randy Mark,"Legacy Towing 131-01 39th Ave Flushing, NY 11354",auction-112125-2-queens.pdf,33,2025,CHEVROLET,LSU4579,NY,KL77LGEP0SC105690,NAVY FEDERAL
"November 21, 2025",Randy Mark,"Legacy Towing 131-01 39th Ave Flushing, NY 11354",auction-112125-2-queens.pdf,34,2022,HONDA,KYJ7562,NY,1HGCV1F30NA005837,AMERICAN;HONDA
"November 21, 2025",Randy Mark,"Legacy Towing 131-01 39th Ave Flushing, NY 11354",auction-112125-2-queens.pdf,37,2019,HYUNDAI,DXM6762,NY,KM8J23A47KU897715,TD;AUTO;FINANCE;LLC
"November 21, 2025",Randy Mark,"Legacy Towing 131-01 39th Ave Flushing, NY 11354",auction-112125-2-queens.pdf,38,2018,HYUNDAI,LTP2330,NY,5NPD74LF2JH255953,AMERICN AIRLINES FCU
"November 21, 2025",Randy Mark,"Legacy Towing 131-01 39th Ave Flushing, NY 11354",auction-112125-2-queens.pdf,39,2010,NISSAN,KFS3266,NY,JN8AS5MVXAW129626,TD;AUTO;FINANCE;LLC
"November 21, 2025",Randy Mark,"Legacy Towing 131-01 39th Ave Flushing, NY 11354",auction-112125-2-queens.pdf,44,2009,CHEVROLET,KLA5983,NY,1GNFK23089J100535,YENDO INC
"November 21, 2025",Randy Mark,"Legacy Towing 131-01 39th Ave Flushing, NY 11354",auction-112125-2-queens.pdf,49,2015,SUBARU,LBX5622,NY,4S4BSADCXF3238597,WESTLAKE;FINANCIAL
"November 21, 2025",Randy Mark,"Legacy Towing 131-01 39th Ave Flushing, NY 11354",auction-112125-2-queens.pdf,56,2019,NISSAN,MAG6426,NY,3N1AB7AP2KY363379,UNITED AUTOCREDIT
"November 21, 2025",Randy Mark,"Legacy Towing 131-01 39th Ave Flushing, NY 11354",auction-112125-2-queens.pdf,57,2022,DODGE,59339NB,NY,3C6LRVCG3NE119286,ALLY;FINANCIAL
"November 21, 2025",Randy Mark,"Legacy Towing 131-01 39th Ave Flushing, NY 11354",auction-112125-2-queens.pdf,60,2017,HONDA,LKZ5569,NY,7FARW1H52HE032395,"CREDIT;ACCEPTANCE The Department of Finance, the New York City Marshal and the Office of the Sheriff make no warranty, expressed or implied, as to the year of any vehicle or any vehicle’s quality or state of repair. Successful purchasers are encouraged to have the vehicle inspected for safety before use including but not limited to manufacturers recall and repair notices. Vehicle safety recall information may be researched at https://vinrcl.safercar.gov/vin/. The National Highway Traffic Safety Administration (NHTSA) site lets you enter a Vehicle Identification Number (VIN) to learn if a specific vehicle has not been repaired as part of a safety recall in the last 15 years. MARSHAL’S EXECUTION SALE PUBLIC SALE AUCTION FOR MARSHAL GARY H. ROSE OFFICE OF CITY SHERIFF"
"November 21, 2025",Randy Mark,"Legacy Towing 131-01 39th Ave Flushing, NY 11354",auction-112125-2-queens.pdf,61,2017,FORD,LUK4662,NY,1FM5K8GTXHGD33285,SANTANDER;CONSUMER
"November 21, 2025",Randy Mark,"Legacy Towing 131-01 39th Ave Flushing, NY 11354",auction-112125-2-queens.pdf,62,2019,JEEP,KTX7284,NY,1C4RJFBG7KC552954,WELLS FARGO AUTO
"November 21, 2025",Randy Mark,"Legacy Towing 131-01 39th Ave Flushing, NY 11354",auction-112125-2-queens.pdf,65,2016,CHRYSLER,LUK9861,NY,2C4RC1JG2GR232325,"SANTANDER;CONSUMER The Department of Finance, the New York City Marshal and the Office of the Sheriff make no warranty, expressed or implied, as to the year of any vehicle or any vehicle’s quality or state of repair. Successful purchasers are encouraged to have the vehicle inspected for safety before use including but not limited to manufacturers recall and repair notices. Vehicle safety recall information may be researched at https://vinrcl.safercar.gov/vin/. The National Highway Traffic Safety Administration (NHTSA) site lets you enter a Vehicle Identification Number (VIN) to learn if a specific vehicle has not been repaired as part of a safety recall in the last 15 years."
"November 25, 2025",MICHAEL GOLIA,,auction-112525-bronx.pdf,1,2024,KIA,LHF9603,NY,5XYK5CDF0RG184227,SANTANDER CONSUMER USA INC
"November 25, 2025",MICHAEL GOLIA,,auction-112525-bronx.pdf,3,2020,ACURA,LST4098,NY,19UDE2F38JA006139,SANTANDER;CONSUMER USA INC
"November 25, 2025",MICHAEL GOLIA,,auction-112525-bronx.pdf,5,2024,MITSU,LPM6704,NY,JA4ARUAUXRU013843,CREDIT ACCEPTANCE CORP
"November 25, 2025",MICHAEL GOLIA,,auction-112525-bronx.pdf,9,2017,JEEP,KWX8744,NY,1C4RJFAG8HC689637,CARVANA LLC
"November 25, 2025",MICHAEL GOLIA,,auction-112525-bronx.pdf,11,2025,MAZDA,LZM7118,NY,7MMVABBM9SN359738,MOBILITYONE LEASE TRUST
"November 25, 2025",MICHAEL GOLIA,,auction-112525-bronx.pdf,15,2017,CHEVR,Y31VEF,NJ,1GNLCDEC6HR175043,YENDO INC
"November 25, 2025",MICHAEL GOLIA,,auction-112525-bronx.pdf,16,2018,ROVER,N27KHE,NJ,SALWR2RE2JA184677,JP MORGAN CHASE BANK
"November 25, 2025",MICHAEL GOLIA,,auction-112525-bronx.pdf,18,2005,DODGE,K10UUE,NJ,2D4FV48T35H567116,"The Department of Finance, the New York City and the Office of the Sheriff make no warranty, expressed or implied, as to the year of any vehicle or vehicle's quality or state of repair. Successful purchasers are encouraged to have the vehicle inspected for safety before use including but not limited to manufacturers recall and repair notices. Vehicle safety recall information may be researched at https://vinrcl.safercar.gov/vin/. The National Highway traffic Safety Administration (NHTSA) site lets you enter a Vehicle Identification Number (VIN) to learn if a to learn if a specific vehicle has not been repaired as part of a safety recall in the last 15 years. MARSHAL'S EXECUTION SALE PUBLIC SALE AUCTION FOR MARSHAL ALEJANDRO FINARDO OFFICE OF CITY SHERIFF"
"November 25, 2025",MICHAEL GOLIA,,auction-112525-bronx.pdf,20,2021,FORD,J45VVM,NJ,1FMCU0KZ7MUA66990,CONSUMER PORTFOLIO SERVS IN
"November 25, 2025",MICHAEL GOLIA,,auction-112525-bronx.pdf,22,2009,NISSAN,W40PRF,NJ,1N4AL21E59N416455,MID ATLANTIC AUTO FINANCE INC
"November 25, 2025",MICHAEL GOLIA,,auction-112525-bronx.pdf,23,2017,NISSA,LRC4996,PA,JN8AT2MVXHW021710,WESTLAKE FINANCIAL SERVICES
"November 25, 2025",MICHAEL GOLIA,,auction-112525-bronx.pdf,25,2019,ME,Z59PEB,NJ,WDC0J4KB0KF542910,BMW BANK OF NORTH AMERICA
"November 25, 2025",MICHAEL GOLIA,,auction-112525-bronx.pdf,27,2022,NISSA,LVU3041,NY,3N1AB8CV2NY311563,CREDIT ACCEPTANCE CORP
"November 25, 2025",MICHAEL GOLIA,,auction-112525-bronx.pdf,28,2014,RAM,CONSULAR,NY,1C6RR7FT4ES467223,CHRYSLER;CAPITAL
"November 25, 2025",MICHAEL GOLIA,,auction-112525-bronx.pdf,34,2013,CHRYS,GLJ9088,NY,2C3CCAAG2DH735493,LOGIX FEDERAL CREDIT UNION
"November 25, 2025",MICHAEL GOLIA,,auction-112525-bronx.pdf,35,2024,HONDA,LVA4146,NY,2HKRS4H78RH427601,HVT INC
"November 25, 2025",MICHAEL GOLIA,,auction-112525-bronx.pdf,36,2008,BMW,PR4PD,FL,WBAWL73518PX57037,"The Department of Finance, the New York City and the Office of the Sheriff make no warranty, expressed or implied, as to the year of any vehicle or vehicle's quality or state of repair. Successful purchasers are encouraged to have the vehicle inspected for safety before use including but not limited to manufacturers recall and repair notices. Vehicle safety recall information may be researched at https://vinrcl.safercar.gov/vin/. The National Highway traffic Safety Administration (NHTSA) site lets you enter a Vehicle Identification Number (VIN) to learn if a to learn if a specific vehicle has not been repaired as part of a safety recall in the last 15 years. MARSHAL'S EXECUTION SALE PUBLIC SALE AUCTION FOR MARSHAL ALEJANDRO FINARDO OFFICE OF CITY SHERIFF"
"November 25, 2025",MICHAEL GOLIA,,auction-112525-bronx.pdf,37,2018,SUBAR,LWF1079,NY,JF1VA2W69J9822003,GM;FINANCIAL
"November 25, 2025",MICHAEL GOLIA,,auction-112525-bronx.pdf,38,2019,VOLKS,G0WDRU1,AL,3VWC57BU4KM264357,VW CREDIT INC
"November 25, 2025",MICHAEL GOLIA,,auction-112525-bronx.pdf,40,2020,JEEP,SGC0885,GA,3C4NJCCB4LT231167,WESTLAKE FINANCIAL SERVICES
"November 25, 2025",MICHAEL GOLIA,,auction-112525-bronx.pdf,41,2023,NISSA,LEA2212,NC,5N1BT3AB0PC821914,"AMERICAN CREDIT ACCEPTANCE LLC The Department of Finance, the New York City and the Office of the Sheriff make no warranty, expressed or implied, as to the year of any vehicle or vehicle's quality or state of repair. Successful purchasers are encouraged to have the vehicle inspected for safety before use including but not limited to manufacturers recall and repair notices. Vehicle safety recall information may be researched at https://vinrcl.safercar.gov/vin/. The National Highway traffic Safety Administration (NHTSA) site lets you enter a Vehicle Identification Number (VIN) to learn if a to learn if a specific vehicle has not been repaired as part of a safety recall in the last 15 years."
"November 26, 2025",MICHAEL GOLIA,"FIVE J'S AUTOMOTIVE 4825 BALDWIN STREET BRONX, NY 10470",auction-112625-bronx.pdf,1,2021,TOYOT,LFA3697,NY,5TDBZRBH7MS062990,US;BANK;NA
"November 26, 2025",MICHAEL GOLIA,"FIVE J'S AUTOMOTIVE 4825 BALDWIN STREET BRONX, NY 10470",auction-112625-bronx.pdf,2,2015,INFIN,KVT5946,NY,JN1BV7AR8FM405124,CPS;INC
"November 26, 2025",MICHAEL GOLIA,"FIVE J'S AUTOMOTIVE 4825 BALDWIN STREET BRONX, NY 10470",auction-112625-bronx.pdf,5,2018,HONDA,H89RRC,NJ,1HGCV1F52JA090062,SKYONE FEDERAL CU
"November 26, 2025",MICHAEL GOLIA,"FIVE J'S AUTOMOTIVE 4825 BALDWIN STREET BRONX, NY 10470",auction-112625-bronx.pdf,7,2018,HONDA,MLN9617,PA,1HGCV1F16JA051858,ALLY FINANCIAL
"November 26, 2025",MICHAEL GOLIA,"FIVE J'S AUTOMOTIVE 4825 BALDWIN STREET BRONX, NY 10470",auction-112625-bronx.pdf,9,2023,KIA,LVD1599,NY,KNDPUCAF9P7144994,CREDIT;ACCEPTANCE CORP
"November 26, 2025",MICHAEL GOLIA,"FIVE J'S AUTOMOTIVE 4825 BALDWIN STREET BRONX, NY 10470",auction-112625-bronx.pdf,11,2014,JEEP,LDM3462,NY,1C4RJFBG5EC258585,ALLY;FINANCIAL
"November 26, 2025",MICHAEL GOLIA,"FIVE J'S AUTOMOTIVE 4825 BALDWIN STREET BRONX, NY 10470",auction-112625-bronx.pdf,12,2023,FORD,LNR5380,NY,2FMPK4G93PBA50819,FORD;MOTOR;CREDIT;CO
"November 26, 2025",MICHAEL GOLIA,"FIVE J'S AUTOMOTIVE 4825 BALDWIN STREET BRONX, NY 10470",auction-112625-bronx.pdf,21,2016,HONDA,W65PLE,NJ,2HKRM4H47GH672077,CREDIT ACCEPTANCE CORP
"November 26, 2025",MICHAEL GOLIA,"FIVE J'S AUTOMOTIVE 4825 BALDWIN STREET BRONX, NY 10470",auction-112625-bronx.pdf,25,2026,TESLA,LWH7752,NY,7SAYGDEEXTA391626,ALLY;FINANCIAL
"November 26, 2025",MICHAEL GOLIA,"FIVE J'S AUTOMOTIVE 4825 BALDWIN STREET BRONX, NY 10470",auction-112625-bronx.pdf,26,2011,ME,BISHOP62,NY,WDDNG8GB3BA371373,WESTERN FUNDING INC
"November 26, 2025",MICHAEL GOLIA,"FIVE J'S AUTOMOTIVE 4825 BALDWIN STREET BRONX, NY 10470",auction-112625-bronx.pdf,28,2015,HONDA,LWA1855,NY,1HGCR2F55FA255152,TOYOTA;MOTOR;CREDIT CORP
"November 26, 2025",MICHAEL GOLIA,"FIVE J'S AUTOMOTIVE 4825 BALDWIN STREET BRONX, NY 10470",auction-112625-bronx.pdf,29,2010,ACURA,LCR1188,NY,5J8TB1H29AA007478,CREDIT;ACCEPTANCE CORP
"November 26, 2025",MICHAEL GOLIA,"FIVE J'S AUTOMOTIVE 4825 BALDWIN STREET BRONX, NY 10470",auction-112625-bronx.pdf,30,2020,NISSA,LTH2433,NY,1N4BL4BV7LC279097,"CREDIT;ACCEPTANCE CORP The Department of Finance, the New York City Marshal and the Office of the Sheriff make no warranty, expressed or implied, as to the year of any vehicle or any vehicle’s quality or state of repair. Successful purchasers are encouraged to have the vehicle inspected for safety before use including but not limited to manufacturers recall and repair notices. Vehicle safety recall information may be researched at https://vinrcl.safercar.gov/vin/. The National Highway Traffic Safety Administration (NHTSA) site lets you enter a Vehicle Identification Number (VIN) to learn if a specific vehicle has not been repaired as part of a safety recall in the last 15 years. MARSHAL’S EXECUTION SALE PUBLIC SALE AUCTION FOR MARSHAL ILEANA RIVERA OFFICE OF CITY SHERIFF"
"November 26, 2025",MICHAEL GOLIA,"FIVE J'S AUTOMOTIVE 4825 BALDWIN STREET BRONX, NY 10470",auction-112625-bronx.pdf,31,2019,HONDA,KRL6607,NY,5FNYF6H54KB032670,AMERICAN;HONDA FINANCE CORP
"November 26, 2025",MICHAEL GOLIA,"FIVE J'S AUTOMOTIVE 4825 BALDWIN STREET BRONX, NY 10470",auction-112625-bronx.pdf,41,2024,MITSU,LRT2602,NY,JA4ARUAU9RU004423,SANTANDER;CONSUMER USA INC
"November 26, 2025",MICHAEL GOLIA,"FIVE J'S AUTOMOTIVE 4825 BALDWIN STREET BRONX, NY 10470",auction-112625-bronx.pdf,43,2020,JEEP,LDT7194,NY,3C4NJDBB3LT107270,CAPITAL;ONE;AUTO FINANCE
"November 26, 2025",MICHAEL GOLIA,"FIVE J'S AUTOMOTIVE 4825 BALDWIN STREET BRONX, NY 10470",auction-112625-bronx.pdf,46,2019,TOYOT,KZV9989,NY,5TDJZRFH0KS624165,TOYOTA;MOTOR;CREDIT CORP
"November 26, 2025",MICHAEL GOLIA,"FIVE J'S AUTOMOTIVE 4825 BALDWIN STREET BRONX, NY 10470",auction-112625-bronx.pdf,47,2019,LEXUS,LSH3966,NY,2T2BZMCA1KC197162,CAPITAL;ONE;AUTO FINANCE
"November 26, 2025",MICHAEL GOLIA,"FIVE J'S AUTOMOTIVE 4825 BALDWIN STREET BRONX, NY 10470",auction-112625-bronx.pdf,49,2022,NISSA,LJG1870,NY,3N1AB8CV7NY254843,CREDIT;ACCEPTANCE
"November 26, 2025",MICHAEL GOLIA,"FIVE J'S AUTOMOTIVE 4825 BALDWIN STREET BRONX, NY 10470",auction-112625-bronx.pdf,50,2020,JEEP,KXM6399,NY,1C4RJFLG5LC256427,STELLANTIS FINANCIAL SERVICES
"November 26, 2025",MICHAEL GOLIA,"FIVE J'S AUTOMOTIVE 4825 BALDWIN STREET BRONX, NY 10470",auction-112625-bronx.pdf,51,2022,HONDA,LNJ9683,NY,3CZRU6H54NM720088,"CAPITAL;ONE;AUTO FINANCE The Department of Finance, the New York City Marshal and the Office of the Sheriff make no warranty, expressed or implied, as to the year of any vehicle or any vehicle’s quality or state of repair. Successful purchasers are encouraged to have the vehicle inspected for safety before use including but not limited to manufacturers recall and repair notices. Vehicle safety recall information may be researched at https://vinrcl.safercar.gov/vin/. The National Highway Traffic Safety Administration (NHTSA) site lets you enter a Vehicle Identification Number (VIN) to learn if a specific vehicle has not been repaired as part of a safety recall in the last 15 years."
"November 26, 2025",RAFAEL LOPEZ,BREEN BROTHERS TOWING INC 1908 SHORE PARKWAY BROOKLYN NY 11214,auction-112625-brooklyn.pdf,30,2011,VOLKS,LXW5307,NY,3VWLZ7AJ8BM366952,"The Department of Finance, the New York City Marshal and the Office of the Sheriff make no warranty, expressed or implied, as to the year of any vehicle or any vehicle’s quality or state of repair. Successful purchasers are encouraged to have the vehicle inspected for safety before use including but not limited to manufacturers recall and repair notices. Vehicle safety recall information may be researched at https://vinrcl.safercar.gov/vin/. The National Highway Traffic Safety Administration (NHTSA) site lets you enter a Vehicle Identification Number (VIN) to learn if a specific vehicle has not been repaired as part of a safety recall in the last 15 years. MARSHAL’S EXECUTION SALE PUBLIC SALE AUCTION FOR MARSHAL JEFFREY ROSE CITY MARSHAL OFFICE OF CITY SHERIFF"
"November 26, 2025",RAFAEL LOPEZ,BREEN BROTHERS TOWING INC 1908 SHORE PARKWAY BROOKLYN NY 11214,auction-112625-brooklyn.pdf,34,2013,TOYOT,JJT2089,NY,2T1BU4EE5DC053295,"The Department of Finance, the New York City Marshal and the Office of the Sheriff make no warranty, expressed or implied, as to the year of any vehicle or any vehicle’s quality or state of repair. Successful purchasers are encouraged to have the vehicle inspected for safety before use including but not limited to manufacturers recall and repair notices. Vehicle safety recall information may be researched at https://vinrcl.safercar.gov/vin/. The National Highway Traffic Safety Administration (NHTSA) site lets you enter a Vehicle Identification Number (VIN) to learn if a specific vehicle has not been repaired as part of a safety recall in the last 15 years."
